BEGIN TRANSACTION;
CREATE TABLE "auth_permission" (
    "id" integer NOT NULL PRIMARY KEY,
    "name" varchar(50) NOT NULL,
    "content_type_id" integer NOT NULL,
    "codename" varchar(100) NOT NULL,
    UNIQUE ("content_type_id", "codename")
);
INSERT INTO "auth_permission" VALUES(1,'Can add permission',1,'add_permission');
INSERT INTO "auth_permission" VALUES(2,'Can change permission',1,'change_permission');
INSERT INTO "auth_permission" VALUES(3,'Can delete permission',1,'delete_permission');
INSERT INTO "auth_permission" VALUES(4,'Can add group',2,'add_group');
INSERT INTO "auth_permission" VALUES(5,'Can change group',2,'change_group');
INSERT INTO "auth_permission" VALUES(6,'Can delete group',2,'delete_group');
INSERT INTO "auth_permission" VALUES(7,'Can add user',3,'add_user');
INSERT INTO "auth_permission" VALUES(8,'Can change user',3,'change_user');
INSERT INTO "auth_permission" VALUES(9,'Can delete user',3,'delete_user');
INSERT INTO "auth_permission" VALUES(10,'Can add message',4,'add_message');
INSERT INTO "auth_permission" VALUES(11,'Can change message',4,'change_message');
INSERT INTO "auth_permission" VALUES(12,'Can delete message',4,'delete_message');
INSERT INTO "auth_permission" VALUES(13,'Can add content type',5,'add_contenttype');
INSERT INTO "auth_permission" VALUES(14,'Can change content type',5,'change_contenttype');
INSERT INTO "auth_permission" VALUES(15,'Can delete content type',5,'delete_contenttype');
INSERT INTO "auth_permission" VALUES(16,'Can add session',6,'add_session');
INSERT INTO "auth_permission" VALUES(17,'Can change session',6,'change_session');
INSERT INTO "auth_permission" VALUES(18,'Can delete session',6,'delete_session');
INSERT INTO "auth_permission" VALUES(19,'Can add site',7,'add_site');
INSERT INTO "auth_permission" VALUES(20,'Can change site',7,'change_site');
INSERT INTO "auth_permission" VALUES(21,'Can delete site',7,'delete_site');
INSERT INTO "auth_permission" VALUES(22,'Can add log entry',8,'add_logentry');
INSERT INTO "auth_permission" VALUES(23,'Can change log entry',8,'change_logentry');
INSERT INTO "auth_permission" VALUES(24,'Can delete log entry',8,'delete_logentry');
INSERT INTO "auth_permission" VALUES(25,'Can add flat page',9,'add_flatpage');
INSERT INTO "auth_permission" VALUES(26,'Can change flat page',9,'change_flatpage');
INSERT INTO "auth_permission" VALUES(27,'Can delete flat page',9,'delete_flatpage');
INSERT INTO "auth_permission" VALUES(28,'Can add sponsor',10,'add_sponsor');
INSERT INTO "auth_permission" VALUES(29,'Can change sponsor',10,'change_sponsor');
INSERT INTO "auth_permission" VALUES(30,'Can delete sponsor',10,'delete_sponsor');
INSERT INTO "auth_permission" VALUES(31,'Can add soloist',11,'add_soloist');
INSERT INTO "auth_permission" VALUES(32,'Can change soloist',11,'change_soloist');
INSERT INTO "auth_permission" VALUES(33,'Can delete soloist',11,'delete_soloist');
INSERT INTO "auth_permission" VALUES(34,'Can add piece',12,'add_piece');
INSERT INTO "auth_permission" VALUES(35,'Can change piece',12,'change_piece');
INSERT INTO "auth_permission" VALUES(36,'Can delete piece',12,'delete_piece');
INSERT INTO "auth_permission" VALUES(37,'Can add composer',13,'add_composer');
INSERT INTO "auth_permission" VALUES(38,'Can change composer',13,'change_composer');
INSERT INTO "auth_permission" VALUES(39,'Can delete composer',13,'delete_composer');
INSERT INTO "auth_permission" VALUES(40,'Can add season',14,'add_season');
INSERT INTO "auth_permission" VALUES(41,'Can change season',14,'change_season');
INSERT INTO "auth_permission" VALUES(42,'Can delete season',14,'delete_season');
INSERT INTO "auth_permission" VALUES(43,'Can add location',15,'add_location');
INSERT INTO "auth_permission" VALUES(44,'Can change location',15,'change_location');
INSERT INTO "auth_permission" VALUES(45,'Can delete location',15,'delete_location');
INSERT INTO "auth_permission" VALUES(46,'Can add event',16,'add_event');
INSERT INTO "auth_permission" VALUES(47,'Can change event',16,'change_event');
INSERT INTO "auth_permission" VALUES(48,'Can delete event',16,'delete_event');
INSERT INTO "auth_permission" VALUES(49,'Can add pre concert discussion',17,'add_preconcertdiscussion');
INSERT INTO "auth_permission" VALUES(50,'Can change pre concert discussion',17,'change_preconcertdiscussion');
INSERT INTO "auth_permission" VALUES(51,'Can delete pre concert discussion',17,'delete_preconcertdiscussion');
INSERT INTO "auth_permission" VALUES(52,'Can add instrument',18,'add_instrument');
INSERT INTO "auth_permission" VALUES(53,'Can change instrument',18,'change_instrument');
INSERT INTO "auth_permission" VALUES(54,'Can delete instrument',18,'delete_instrument');
INSERT INTO "auth_permission" VALUES(55,'Can add orchestra member',19,'add_orchestramember');
INSERT INTO "auth_permission" VALUES(56,'Can change orchestra member',19,'change_orchestramember');
INSERT INTO "auth_permission" VALUES(57,'Can delete orchestra member',19,'delete_orchestramember');
CREATE TABLE "auth_group_permissions" (
    "id" integer NOT NULL PRIMARY KEY,
    "group_id" integer NOT NULL,
    "permission_id" integer NOT NULL REFERENCES "auth_permission" ("id"),
    UNIQUE ("group_id", "permission_id")
);
CREATE TABLE "auth_group" (
    "id" integer NOT NULL PRIMARY KEY,
    "name" varchar(80) NOT NULL UNIQUE
);
CREATE TABLE "auth_user_user_permissions" (
    "id" integer NOT NULL PRIMARY KEY,
    "user_id" integer NOT NULL,
    "permission_id" integer NOT NULL REFERENCES "auth_permission" ("id"),
    UNIQUE ("user_id", "permission_id")
);
INSERT INTO "auth_user_user_permissions" VALUES(1,2,1);
INSERT INTO "auth_user_user_permissions" VALUES(2,2,2);
INSERT INTO "auth_user_user_permissions" VALUES(3,2,3);
INSERT INTO "auth_user_user_permissions" VALUES(4,2,7);
INSERT INTO "auth_user_user_permissions" VALUES(5,2,8);
INSERT INTO "auth_user_user_permissions" VALUES(6,2,9);
INSERT INTO "auth_user_user_permissions" VALUES(7,2,25);
INSERT INTO "auth_user_user_permissions" VALUES(8,2,26);
INSERT INTO "auth_user_user_permissions" VALUES(9,2,27);
INSERT INTO "auth_user_user_permissions" VALUES(10,2,28);
INSERT INTO "auth_user_user_permissions" VALUES(11,2,29);
INSERT INTO "auth_user_user_permissions" VALUES(12,2,30);
INSERT INTO "auth_user_user_permissions" VALUES(13,2,31);
INSERT INTO "auth_user_user_permissions" VALUES(14,2,32);
INSERT INTO "auth_user_user_permissions" VALUES(15,2,33);
INSERT INTO "auth_user_user_permissions" VALUES(16,2,34);
INSERT INTO "auth_user_user_permissions" VALUES(17,2,35);
INSERT INTO "auth_user_user_permissions" VALUES(18,2,36);
INSERT INTO "auth_user_user_permissions" VALUES(19,2,37);
INSERT INTO "auth_user_user_permissions" VALUES(20,2,38);
INSERT INTO "auth_user_user_permissions" VALUES(21,2,39);
INSERT INTO "auth_user_user_permissions" VALUES(22,2,40);
INSERT INTO "auth_user_user_permissions" VALUES(23,2,41);
INSERT INTO "auth_user_user_permissions" VALUES(24,2,42);
INSERT INTO "auth_user_user_permissions" VALUES(25,2,43);
INSERT INTO "auth_user_user_permissions" VALUES(26,2,44);
INSERT INTO "auth_user_user_permissions" VALUES(27,2,45);
INSERT INTO "auth_user_user_permissions" VALUES(28,2,46);
INSERT INTO "auth_user_user_permissions" VALUES(29,2,47);
INSERT INTO "auth_user_user_permissions" VALUES(30,2,48);
INSERT INTO "auth_user_user_permissions" VALUES(31,2,49);
INSERT INTO "auth_user_user_permissions" VALUES(32,2,50);
INSERT INTO "auth_user_user_permissions" VALUES(33,2,51);
INSERT INTO "auth_user_user_permissions" VALUES(34,2,52);
INSERT INTO "auth_user_user_permissions" VALUES(35,2,53);
INSERT INTO "auth_user_user_permissions" VALUES(36,2,54);
INSERT INTO "auth_user_user_permissions" VALUES(37,2,55);
INSERT INTO "auth_user_user_permissions" VALUES(38,2,56);
INSERT INTO "auth_user_user_permissions" VALUES(39,2,57);
CREATE TABLE "auth_user_groups" (
    "id" integer NOT NULL PRIMARY KEY,
    "user_id" integer NOT NULL,
    "group_id" integer NOT NULL REFERENCES "auth_group" ("id"),
    UNIQUE ("user_id", "group_id")
);
CREATE TABLE "auth_user" (
    "id" integer NOT NULL PRIMARY KEY,
    "username" varchar(30) NOT NULL UNIQUE,
    "first_name" varchar(30) NOT NULL,
    "last_name" varchar(30) NOT NULL,
    "email" varchar(75) NOT NULL,
    "password" varchar(128) NOT NULL,
    "is_staff" bool NOT NULL,
    "is_active" bool NOT NULL,
    "is_superuser" bool NOT NULL,
    "last_login" datetime NOT NULL,
    "date_joined" datetime NOT NULL
);
INSERT INTO "auth_user" VALUES(1,'ewelker','','','ewelker@cdepot.com','sha1$17872$ed010e2b63a304878bdddb72fd11df8f6d5dd1cb',1,1,1,'2010-09-18 11:53:58.931030','2010-06-12 00:14:25.526220');
INSERT INTO "auth_user" VALUES(2,'jlmus07','','','','sha1$29c82$9ff62190f9086058c7a911baba830c633cb3d81c',1,1,0,'2010-09-18 11:47:31.272220','2010-07-28 15:19:18');
CREATE TABLE "auth_message" (
    "id" integer NOT NULL PRIMARY KEY,
    "user_id" integer NOT NULL REFERENCES "auth_user" ("id"),
    "message" text NOT NULL
);
CREATE TABLE "django_content_type" (
    "id" integer NOT NULL PRIMARY KEY,
    "name" varchar(100) NOT NULL,
    "app_label" varchar(100) NOT NULL,
    "model" varchar(100) NOT NULL,
    UNIQUE ("app_label", "model")
);
INSERT INTO "django_content_type" VALUES(1,'permission','auth','permission');
INSERT INTO "django_content_type" VALUES(2,'group','auth','group');
INSERT INTO "django_content_type" VALUES(3,'user','auth','user');
INSERT INTO "django_content_type" VALUES(4,'message','auth','message');
INSERT INTO "django_content_type" VALUES(5,'content type','contenttypes','contenttype');
INSERT INTO "django_content_type" VALUES(6,'session','sessions','session');
INSERT INTO "django_content_type" VALUES(7,'site','sites','site');
INSERT INTO "django_content_type" VALUES(8,'log entry','admin','logentry');
INSERT INTO "django_content_type" VALUES(9,'flat page','flatpages','flatpage');
INSERT INTO "django_content_type" VALUES(10,'sponsor','sponsors','sponsor');
INSERT INTO "django_content_type" VALUES(11,'soloist','soloists','soloist');
INSERT INTO "django_content_type" VALUES(12,'piece','pieces','piece');
INSERT INTO "django_content_type" VALUES(13,'composer','pieces','composer');
INSERT INTO "django_content_type" VALUES(14,'season','events','season');
INSERT INTO "django_content_type" VALUES(15,'location','events','location');
INSERT INTO "django_content_type" VALUES(16,'event','events','event');
INSERT INTO "django_content_type" VALUES(17,'pre concert discussion','events','preconcertdiscussion');
INSERT INTO "django_content_type" VALUES(18,'instrument','roster','instrument');
INSERT INTO "django_content_type" VALUES(19,'orchestra member','roster','orchestramember');
INSERT INTO "django_content_type" VALUES(20,'file','uploader','file');
CREATE TABLE "django_session" (
    "session_key" varchar(40) NOT NULL PRIMARY KEY,
    "session_data" text NOT NULL,
    "expire_date" datetime NOT NULL
);
INSERT INTO "django_session" VALUES('9b3794ee1521511f1cc9eac75b37547b','gAJ9cQEoVRJfYXV0aF91c2VyX2JhY2tlbmRxAlUpZGphbmdvLmNvbnRyaWIuYXV0aC5iYWNrZW5k
cy5Nb2RlbEJhY2tlbmRxA1UNX2F1dGhfdXNlcl9pZHEESwF1LjlmMjg2Zjg1YjVkMTE3N2Y5ODg0
NTk4OWJjZTFiNjg4
','2010-06-26 00:14:57.964014');
INSERT INTO "django_session" VALUES('42f916209fb2c7af37f1da09711a1bf3','gAJ9cQEuNmY4NzZmMDJjODkyYjUyOTMxZTE4YzI1NjUxMjY4NGI=
','2010-06-27 14:54:08.549923');
INSERT INTO "django_session" VALUES('9886b0b47d9907d8d469dc59fe783398','gAJ9cQEoVRJfYXV0aF91c2VyX2JhY2tlbmRxAlUpZGphbmdvLmNvbnRyaWIuYXV0aC5iYWNrZW5k
cy5Nb2RlbEJhY2tlbmRxA1UNX2F1dGhfdXNlcl9pZHEESwF1LjlmMjg2Zjg1YjVkMTE3N2Y5ODg0
NTk4OWJjZTFiNjg4
','2010-06-27 15:13:46.617085');
INSERT INTO "django_session" VALUES('e7590b714370298bedb8953d692863ea','gAJ9cQEuNmY4NzZmMDJjODkyYjUyOTMxZTE4YzI1NjUxMjY4NGI=
','2010-06-28 13:11:57.697539');
INSERT INTO "django_session" VALUES('db96a34ba261a1869f877dbcc0d44406','gAJ9cQEoVRJfYXV0aF91c2VyX2JhY2tlbmRxAlUpZGphbmdvLmNvbnRyaWIuYXV0aC5iYWNrZW5k
cy5Nb2RlbEJhY2tlbmRxA1UNX2F1dGhfdXNlcl9pZHEESwF1LjlmMjg2Zjg1YjVkMTE3N2Y5ODg0
NTk4OWJjZTFiNjg4
','2010-06-28 21:10:10.466442');
INSERT INTO "django_session" VALUES('d50d56f81623a062474a5eb7057e9945','gAJ9cQEoVRJfYXV0aF91c2VyX2JhY2tlbmRxAlUpZGphbmdvLmNvbnRyaWIuYXV0aC5iYWNrZW5k
cy5Nb2RlbEJhY2tlbmRxA1UNX2F1dGhfdXNlcl9pZHEESwF1LjlmMjg2Zjg1YjVkMTE3N2Y5ODg0
NTk4OWJjZTFiNjg4
','2010-06-28 23:35:09.093565');
INSERT INTO "django_session" VALUES('2a69c20d40f24a487fd20e8715fe1bc2','gAJ9cQEoVRJfYXV0aF91c2VyX2JhY2tlbmRxAlUpZGphbmdvLmNvbnRyaWIuYXV0aC5iYWNrZW5k
cy5Nb2RlbEJhY2tlbmRxA1UNX2F1dGhfdXNlcl9pZHEESwF1LjlmMjg2Zjg1YjVkMTE3N2Y5ODg0
NTk4OWJjZTFiNjg4
','2010-06-30 09:43:41.618243');
INSERT INTO "django_session" VALUES('2cb0622d8a3a11521d43eec47c143018','gAJ9cQFVCnRlc3Rjb29raWVxAlUGd29ya2VkcQNzLmY0NGE5MzA4NmNkOWQ3NDY5MWZjZGU3MWM3
ODcxYWUy
','2010-07-02 19:04:34.757516');
INSERT INTO "django_session" VALUES('0005e94e82852217d5937f75875d4400','gAJ9cQEoVRJfYXV0aF91c2VyX2JhY2tlbmRxAlUpZGphbmdvLmNvbnRyaWIuYXV0aC5iYWNrZW5k
cy5Nb2RlbEJhY2tlbmRxA1UNX2F1dGhfdXNlcl9pZHEESwF1LjlmMjg2Zjg1YjVkMTE3N2Y5ODg0
NTk4OWJjZTFiNjg4
','2010-07-12 22:50:36.896558');
INSERT INTO "django_session" VALUES('6e09f8915c52ae7e22c1b9196749982c','gAJ9cQEoVRJfYXV0aF91c2VyX2JhY2tlbmRxAlUpZGphbmdvLmNvbnRyaWIuYXV0aC5iYWNrZW5k
cy5Nb2RlbEJhY2tlbmRxA1UNX2F1dGhfdXNlcl9pZHEESwF1LjlmMjg2Zjg1YjVkMTE3N2Y5ODg0
NTk4OWJjZTFiNjg4
','2010-07-23 12:30:18.027083');
INSERT INTO "django_session" VALUES('18f24f7d55d7b610e01af5cb4d38ecc7','gAJ9cQFVCnRlc3Rjb29raWVxAlUGd29ya2VkcQNzLmY0NGE5MzA4NmNkOWQ3NDY5MWZjZGU3MWM3
ODcxYWUy
','2010-08-03 00:41:06.104714');
INSERT INTO "django_session" VALUES('a06d8ed0d1a82305e9b9dfa6ea9030f0','gAJ9cQFVCnRlc3Rjb29raWVxAlUGd29ya2VkcQNzLmY0NGE5MzA4NmNkOWQ3NDY5MWZjZGU3MWM3
ODcxYWUy
','2010-08-03 00:41:18.004561');
INSERT INTO "django_session" VALUES('ed8a0b7f62b29598bc4ca53056baede0','gAJ9cQEoVRJfYXV0aF91c2VyX2JhY2tlbmRxAlUpZGphbmdvLmNvbnRyaWIuYXV0aC5iYWNrZW5k
cy5Nb2RlbEJhY2tlbmRxA1UNX2F1dGhfdXNlcl9pZHEESwF1LjlmMjg2Zjg1YjVkMTE3N2Y5ODg0
NTk4OWJjZTFiNjg4
','2010-08-10 16:03:31.004162');
INSERT INTO "django_session" VALUES('e118446bf73fc1b0ad490bc4eaa26d7a','gAJ9cQEoVRJfYXV0aF91c2VyX2JhY2tlbmRxAlUpZGphbmdvLmNvbnRyaWIuYXV0aC5iYWNrZW5k
cy5Nb2RlbEJhY2tlbmRxA1UNX2F1dGhfdXNlcl9pZHEESwF1LjlmMjg2Zjg1YjVkMTE3N2Y5ODg0
NTk4OWJjZTFiNjg4
','2010-08-11 15:18:28.723610');
INSERT INTO "django_session" VALUES('4b3283104e6efae59ec94bbc94672c48','gAJ9cQEoVRJfYXV0aF91c2VyX2JhY2tlbmRxAlUpZGphbmdvLmNvbnRyaWIuYXV0aC5iYWNrZW5k
cy5Nb2RlbEJhY2tlbmRxA1UNX2F1dGhfdXNlcl9pZHEESwJ1Ljg2ZjA5ZWZkMWZlN2U3MjYwZGJi
MWJjMDVmYjA5NjBj
','2010-08-11 15:21:09.959557');
INSERT INTO "django_session" VALUES('db753b4077cb44560b0ae4efc150183a','gAJ9cQFVCnRlc3Rjb29raWVxAlUGd29ya2VkcQNzLmY0NGE5MzA4NmNkOWQ3NDY5MWZjZGU3MWM3
ODcxYWUy
','2010-08-14 11:05:31.334947');
INSERT INTO "django_session" VALUES('6542c919b629602fa07c5f265ede987a','gAJ9cQFVCnRlc3Rjb29raWVxAlUGd29ya2VkcQNzLmY0NGE5MzA4NmNkOWQ3NDY5MWZjZGU3MWM3
ODcxYWUy
','2010-08-14 11:05:37.971660');
INSERT INTO "django_session" VALUES('bf0ce7dc9a759af8b6c44cb64bb6dd67','gAJ9cQEoVRJfYXV0aF91c2VyX2JhY2tlbmRxAlUpZGphbmdvLmNvbnRyaWIuYXV0aC5iYWNrZW5k
cy5Nb2RlbEJhY2tlbmRxA1UNX2F1dGhfdXNlcl9pZHEESwF1LjlmMjg2Zjg1YjVkMTE3N2Y5ODg0
NTk4OWJjZTFiNjg4
','2010-08-18 00:19:30.212850');
INSERT INTO "django_session" VALUES('e0b5762ec31e026c9da61a6ee2b207ab','gAJ9cQEoVRJfYXV0aF91c2VyX2JhY2tlbmRxAlUpZGphbmdvLmNvbnRyaWIuYXV0aC5iYWNrZW5k
cy5Nb2RlbEJhY2tlbmRxA1UNX2F1dGhfdXNlcl9pZHEESwF1LjlmMjg2Zjg1YjVkMTE3N2Y5ODg0
NTk4OWJjZTFiNjg4
','2010-08-22 11:09:11.926136');
INSERT INTO "django_session" VALUES('5fd351605fb0e6c640be2ffbb392c7e7','gAJ9cQEoVRJfYXV0aF91c2VyX2JhY2tlbmRxAlUpZGphbmdvLmNvbnRyaWIuYXV0aC5iYWNrZW5k
cy5Nb2RlbEJhY2tlbmRxA1UNX2F1dGhfdXNlcl9pZHEESwJ1Ljg2ZjA5ZWZkMWZlN2U3MjYwZGJi
MWJjMDVmYjA5NjBj
','2010-08-25 15:53:46.490016');
INSERT INTO "django_session" VALUES('2c5c2b30d8b74d9062ba0fb2626be4f9','gAJ9cQFVCnRlc3Rjb29raWVxAlUGd29ya2VkcQNzLmY0NGE5MzA4NmNkOWQ3NDY5MWZjZGU3MWM3
ODcxYWUy
','2010-09-21 18:10:14.632663');
INSERT INTO "django_session" VALUES('5f227970eaa63108937d55c316c5d869','gAJ9cQEoVRJfYXV0aF91c2VyX2JhY2tlbmRxAlUpZGphbmdvLmNvbnRyaWIuYXV0aC5iYWNrZW5k
cy5Nb2RlbEJhY2tlbmRxA1UNX2F1dGhfdXNlcl9pZHEESwJ1Ljg2ZjA5ZWZkMWZlN2U3MjYwZGJi
MWJjMDVmYjA5NjBj
','2010-09-09 20:04:26.676813');
INSERT INTO "django_session" VALUES('5b7f8354482258c7eabb1294c87283e8','gAJ9cQEoVRJfYXV0aF91c2VyX2JhY2tlbmRxAlUpZGphbmdvLmNvbnRyaWIuYXV0aC5iYWNrZW5k
cy5Nb2RlbEJhY2tlbmRxA1UNX2F1dGhfdXNlcl9pZHEESwF1LjlmMjg2Zjg1YjVkMTE3N2Y5ODg0
NTk4OWJjZTFiNjg4
','2010-09-10 17:37:06.480624');
INSERT INTO "django_session" VALUES('da3d2506d804bfbff34fa50f208ff517','gAJ9cQEoVRJfYXV0aF91c2VyX2JhY2tlbmRxAlUpZGphbmdvLmNvbnRyaWIuYXV0aC5iYWNrZW5k
cy5Nb2RlbEJhY2tlbmRxA1UNX2F1dGhfdXNlcl9pZHEESwF1LjlmMjg2Zjg1YjVkMTE3N2Y5ODg0
NTk4OWJjZTFiNjg4
','2010-10-01 14:20:43.203660');
INSERT INTO "django_session" VALUES('94e31cb3e53ed473976cc1192e4904ea','gAJ9cQEuNmY4NzZmMDJjODkyYjUyOTMxZTE4YzI1NjUxMjY4NGI=
','2010-10-01 17:23:33.428837');
INSERT INTO "django_session" VALUES('7d34a8f6a9ed188f028bb9b2dcbf474b','gAJ9cQEuNmY4NzZmMDJjODkyYjUyOTMxZTE4YzI1NjUxMjY4NGI=
','2010-10-01 17:23:33.467547');
INSERT INTO "django_session" VALUES('98ed8d853812e12143e9c02e926df8c4','gAJ9cQEuNmY4NzZmMDJjODkyYjUyOTMxZTE4YzI1NjUxMjY4NGI=
','2010-10-01 17:23:33.521703');
INSERT INTO "django_session" VALUES('6f7a2d1e15eacba7d92167fdc1287bce','gAJ9cQEoVRJfYXV0aF91c2VyX2JhY2tlbmRxAlUpZGphbmdvLmNvbnRyaWIuYXV0aC5iYWNrZW5k
cy5Nb2RlbEJhY2tlbmRxA1UNX2F1dGhfdXNlcl9pZHEESwJ1Ljg2ZjA5ZWZkMWZlN2U3MjYwZGJi
MWJjMDVmYjA5NjBj
','2010-10-02 11:47:31.283863');
INSERT INTO "django_session" VALUES('054ea99e3281126d4427035beb09faed','gAJ9cQEoVRJfYXV0aF91c2VyX2JhY2tlbmRxAlUpZGphbmdvLmNvbnRyaWIuYXV0aC5iYWNrZW5k
cy5Nb2RlbEJhY2tlbmRxA1UNX2F1dGhfdXNlcl9pZHEESwF1LjlmMjg2Zjg1YjVkMTE3N2Y5ODg0
NTk4OWJjZTFiNjg4
','2010-10-02 11:53:58.943490');
CREATE TABLE "django_site" (
    "id" integer NOT NULL PRIMARY KEY,
    "domain" varchar(100) NOT NULL,
    "name" varchar(50) NOT NULL
);
INSERT INTO "django_site" VALUES(1,'columbiaorchestra.org','columbiaorchestra.org');
CREATE TABLE "django_admin_log" (
    "id" integer NOT NULL PRIMARY KEY,
    "action_time" datetime NOT NULL,
    "user_id" integer NOT NULL REFERENCES "auth_user" ("id"),
    "content_type_id" integer REFERENCES "django_content_type" ("id"),
    "object_id" text,
    "object_repr" varchar(200) NOT NULL,
    "action_flag" smallint unsigned NOT NULL,
    "change_message" text NOT NULL
);
INSERT INTO "django_admin_log" VALUES(1,'2010-06-12 11:13:11.807221',1,16,'11','Land and Sea',2,'Changed pieces.');
INSERT INTO "django_admin_log" VALUES(2,'2010-06-12 11:18:25.631168',1,11,'8','Masterworks Chorale of Carroll County, Margaret Boudreaux, director',1,'');
INSERT INTO "django_admin_log" VALUES(3,'2010-06-12 11:18:59.339917',1,12,'15','Haydn, Franz Joseph - Music from The Creation',2,'Changed soloist.');
INSERT INTO "django_admin_log" VALUES(4,'2010-06-12 11:19:49.842223',1,16,'16','Creation and Destruction',2,'Changed pieces.');
INSERT INTO "django_admin_log" VALUES(5,'2010-06-12 11:23:21.624393',1,11,'8','Masterworks Chorale of Carroll County, Margaret Boudreaux, director',2,'Changed bio.');
INSERT INTO "django_admin_log" VALUES(6,'2010-06-12 11:24:04.651182',1,11,'8','Masterworks Chorale of Carroll County, Margaret Boudreaux, director',2,'Changed slug.');
INSERT INTO "django_admin_log" VALUES(7,'2010-06-12 11:38:03.084469',1,11,'9','Stan Gilmer',1,'');
INSERT INTO "django_admin_log" VALUES(8,'2010-06-12 11:38:33.975750',1,16,'15','Symphonic Pops',2,'Changed soloists.');
INSERT INTO "django_admin_log" VALUES(9,'2010-06-12 13:21:16.137774',1,16,'12','Earth and Sky',2,'Changed pieces.');
INSERT INTO "django_admin_log" VALUES(10,'2010-06-13 11:28:26.149254',1,11,'9','Stan Gilmer',2,'Changed bio.');
INSERT INTO "django_admin_log" VALUES(11,'2010-06-13 11:36:15.858282',1,11,'9','Stan Gilmer',2,'Changed bio.');
INSERT INTO "django_admin_log" VALUES(12,'2010-06-13 12:43:40.305348',1,13,'29',' ',1,'');
INSERT INTO "django_admin_log" VALUES(13,'2010-06-13 12:48:19.181404',1,16,'13','Young and Eclectic',2,'Changed pieces.');
INSERT INTO "django_admin_log" VALUES(14,'2010-06-13 14:14:37.824373',1,16,'4','Jonathan Carney & The Rite of Spring',2,'Changed pieces.');
INSERT INTO "django_admin_log" VALUES(15,'2010-06-13 14:15:10.817250',1,16,'6','A Time and Place',2,'Changed pieces.');
INSERT INTO "django_admin_log" VALUES(16,'2010-06-13 14:15:55.820626',1,16,'8','Short Stories',2,'Changed pieces.');
INSERT INTO "django_admin_log" VALUES(17,'2010-06-13 14:16:20.541509',1,16,'2','The Titans',2,'Changed pieces.');
INSERT INTO "django_admin_log" VALUES(18,'2010-06-13 15:14:11.817395',1,9,'10','/preludes/ -- Preludes',2,'Changed content.');
INSERT INTO "django_admin_log" VALUES(19,'2010-06-13 15:14:40.515680',1,9,'10','/preludes/ -- Preludes',2,'Changed content.');
INSERT INTO "django_admin_log" VALUES(20,'2010-06-13 15:14:59.190532',1,9,'10','/preludes/ -- Preludes',2,'Changed content.');
INSERT INTO "django_admin_log" VALUES(21,'2010-06-13 15:23:12.172942',1,9,'10','/preludes/ -- Preludes',2,'Changed content.');
INSERT INTO "django_admin_log" VALUES(22,'2010-06-13 15:23:39.142727',1,9,'10','/preludes/ -- Preludes',2,'Changed content.');
INSERT INTO "django_admin_log" VALUES(23,'2010-06-13 15:24:17.567739',1,9,'10','/preludes/ -- Preludes',2,'Changed content.');
INSERT INTO "django_admin_log" VALUES(24,'2010-06-13 15:24:43.244764',1,9,'10','/preludes/ -- Preludes',2,'Changed content.');
INSERT INTO "django_admin_log" VALUES(25,'2010-06-13 20:49:37.236886',1,7,'1','columbiaorchestra.org',2,'Changed domain and name.');
INSERT INTO "django_admin_log" VALUES(26,'2010-06-14 21:12:21.329660',1,9,'3','/history/ -- History',2,'Changed content.');
INSERT INTO "django_admin_log" VALUES(27,'2010-06-14 21:15:25.612578',1,9,'6','/advertise/ -- Advertise',2,'Changed content.');
INSERT INTO "django_admin_log" VALUES(28,'2010-06-14 21:16:50.009400',1,9,'6','/advertise/ -- Advertise',2,'No fields changed.');
INSERT INTO "django_admin_log" VALUES(29,'2010-06-14 21:19:00.400548',1,9,'5','/donate/ -- Donate',2,'Changed content.');
INSERT INTO "django_admin_log" VALUES(30,'2010-06-14 21:51:05.002950',1,19,'90','Anne  Ward',2,'Changed photo.');
INSERT INTO "django_admin_log" VALUES(31,'2010-06-14 21:55:23.787621',1,19,'103','Nancy  Smith',2,'Changed bio and photo.');
INSERT INTO "django_admin_log" VALUES(32,'2010-06-14 22:00:47.760766',1,19,'45','Penny  Zahn',2,'Changed bio and photo.');
INSERT INTO "django_admin_log" VALUES(33,'2010-06-14 22:02:18.912494',1,19,'100','Randolph  Capone',2,'Changed bio.');
INSERT INTO "django_admin_log" VALUES(34,'2010-06-14 22:05:07.492922',1,19,'30','Sheila  Hrapchak',2,'Changed bio and photo.');
INSERT INTO "django_admin_log" VALUES(35,'2010-06-14 23:35:50.936737',1,19,'3','Edward Jean Welker',2,'Changed bio.');
INSERT INTO "django_admin_log" VALUES(36,'2010-06-16 09:43:55.688049',1,9,'3','/history/ -- History',2,'Changed content.');
INSERT INTO "django_admin_log" VALUES(37,'2010-06-22 23:07:02.479957',1,9,'4','/amazon/ -- Amazon',2,'Changed content.');
INSERT INTO "django_admin_log" VALUES(38,'2010-06-22 23:09:44.153442',1,9,'15','/tickets/ -- Tickets',2,'Changed content.');
INSERT INTO "django_admin_log" VALUES(39,'2010-06-22 23:14:48.130939',1,9,'8','/composer_competition/ -- Composer Competition',2,'Changed content.');
INSERT INTO "django_admin_log" VALUES(40,'2010-06-22 23:18:34.215295',1,9,'8','/composer_competition/ -- Composer Competition',2,'Changed content.');
INSERT INTO "django_admin_log" VALUES(41,'2010-06-28 22:51:19.584772',1,19,'61','Devona Lee Schiller',2,'Changed bio.');
INSERT INTO "django_admin_log" VALUES(42,'2010-06-28 22:52:43.762901',1,11,'8','Masterworks Chorale of Carroll County, Margaret Boudreaux, director',2,'Changed image.');
INSERT INTO "django_admin_log" VALUES(43,'2010-06-28 22:58:59.748255',1,19,'99','Randy  Malm',2,'Changed bio.');
INSERT INTO "django_admin_log" VALUES(44,'2010-06-28 23:34:13.222890',1,19,'112','Suzanne  Sherwood',1,'');
INSERT INTO "django_admin_log" VALUES(45,'2010-06-29 00:00:22.972729',1,19,'11','Erin  Chester',2,'Changed bio.');
INSERT INTO "django_admin_log" VALUES(46,'2010-06-29 00:03:10.354710',1,19,'59','Elaine  Newhall',2,'Changed bio.');
INSERT INTO "django_admin_log" VALUES(47,'2010-06-29 00:06:08.204347',1,19,'108','Ken  Walton',2,'Changed bio and photo.');
INSERT INTO "django_admin_log" VALUES(48,'2010-06-29 00:07:16.599031',1,19,'1','David  Zajic',2,'Changed bio and photo.');
INSERT INTO "django_admin_log" VALUES(49,'2010-06-29 00:16:14.732460',1,19,'101','Douglas  Lee',2,'Changed bio and photo.');
INSERT INTO "django_admin_log" VALUES(50,'2010-07-09 12:30:51.682844',1,9,'13','/auditions/ -- Auditions',2,'Changed content.');
INSERT INTO "django_admin_log" VALUES(51,'2010-07-27 16:04:04.423736',1,9,'13','/auditions/ -- Auditions',2,'Changed content.');
INSERT INTO "django_admin_log" VALUES(52,'2010-07-27 16:15:18.096735',1,9,'6','/advertise/ -- Advertise',2,'Changed content.');
INSERT INTO "django_admin_log" VALUES(53,'2010-07-27 16:15:36.584964',1,9,'6','/advertise/ -- Advertise',2,'Changed content.');
INSERT INTO "django_admin_log" VALUES(54,'2010-07-27 16:18:06.054126',1,9,'6','/advertise/ -- Advertise',2,'No fields changed.');
INSERT INTO "django_admin_log" VALUES(55,'2010-07-27 16:25:21.696709',1,9,'6','/advertise/ -- Advertise',2,'Changed content.');
INSERT INTO "django_admin_log" VALUES(56,'2010-07-28 15:19:18.240664',1,3,'2','jlmus07',1,'');
INSERT INTO "django_admin_log" VALUES(57,'2010-07-28 15:20:54.291355',1,3,'2','jlmus07',2,'Changed is_staff and user_permissions.');
INSERT INTO "django_admin_log" VALUES(58,'2010-07-28 15:23:45.232258',2,9,'3','/history/ -- History',2,'Changed content.');
INSERT INTO "django_admin_log" VALUES(59,'2010-07-28 16:25:30.968937',2,9,'3','/history/ -- History',2,'Changed content.');
INSERT INTO "django_admin_log" VALUES(60,'2010-07-28 17:22:45.885487',2,12,'6','Chen Gang and He Zhanhao - Butterfly Lovers'' Violin Concerto',2,'Changed title.');
INSERT INTO "django_admin_log" VALUES(61,'2010-07-28 17:27:31.608094',2,19,'26','Jacquelyn  DeBella',2,'Changed last_name.');
INSERT INTO "django_admin_log" VALUES(62,'2010-07-28 17:42:36.928764',2,11,'8','Masterworks Chorale of Carroll County, Margaret Boudreaux, Director',2,'Changed name.');
INSERT INTO "django_admin_log" VALUES(63,'2010-07-28 17:51:29.330120',2,9,'9','/contact_us/ -- Contact Us',2,'Changed content.');
INSERT INTO "django_admin_log" VALUES(64,'2010-07-28 17:54:45.145374',2,9,'12','/mailing_list/ -- Mailing List',2,'Changed content.');
INSERT INTO "django_admin_log" VALUES(65,'2010-07-28 18:01:53.850192',2,18,'28','Executive Director',1,'');
INSERT INTO "django_admin_log" VALUES(66,'2010-07-28 18:04:52.448626',2,19,'113','Tedd  Griepentrog',1,'');
INSERT INTO "django_admin_log" VALUES(67,'2010-07-28 18:10:16.463886',2,9,'14','/about_the_orchestra/ -- About The Orchestra',2,'Changed content.');
INSERT INTO "django_admin_log" VALUES(68,'2010-07-28 18:11:18.774715',2,9,'14','/about_the_orchestra/ -- About The Orchestra',2,'Changed content.');
INSERT INTO "django_admin_log" VALUES(69,'2010-07-30 20:59:34.290781',2,9,'13','/auditions/ -- Auditions',2,'Changed content.');
INSERT INTO "django_admin_log" VALUES(70,'2010-08-08 11:09:44.554814',1,9,'17','/member_schedule/ -- Member Schedule',2,'Changed content.');
INSERT INTO "django_admin_log" VALUES(71,'2010-08-09 18:48:29.048795',2,11,'10','Colin Eaton',1,'');
INSERT INTO "django_admin_log" VALUES(72,'2010-08-09 18:56:33.460418',2,11,'11','Meghan McCall',1,'');
INSERT INTO "django_admin_log" VALUES(73,'2010-08-09 18:56:50.999005',2,11,'9','Stan Gilmer',2,'Changed instrument.');
INSERT INTO "django_admin_log" VALUES(74,'2010-08-09 19:03:16.107697',2,11,'12','Jonathan Bailey Holland',1,'');
INSERT INTO "django_admin_log" VALUES(75,'2010-08-09 19:18:10.965663',2,11,'11','Meghan McCall',2,'No fields changed.');
INSERT INTO "django_admin_log" VALUES(76,'2010-08-09 19:19:18.248403',2,11,'11','Meghan McCall',2,'No fields changed.');
INSERT INTO "django_admin_log" VALUES(77,'2010-08-09 19:24:10.137770',2,11,'12','Jonathan Bailey Holland',2,'No fields changed.');
INSERT INTO "django_admin_log" VALUES(78,'2010-08-09 21:57:24.280270',2,11,'6','Jason Shafer',2,'No fields changed.');
INSERT INTO "django_admin_log" VALUES(79,'2010-08-11 14:48:30.807178',2,9,'17','/member_schedule/ -- Member Schedule',2,'Changed content.');
INSERT INTO "django_admin_log" VALUES(80,'2010-08-11 16:11:05.265541',2,11,'12','Jonathan Bailey Holland',2,'Changed image.');
INSERT INTO "django_admin_log" VALUES(81,'2010-08-12 22:09:09.704777',2,19,'6','Arthur  Fleming',2,'Changed bio and photo.');
INSERT INTO "django_admin_log" VALUES(82,'2010-08-12 22:10:03.094276',2,19,'24','Viviana  Acosta',2,'Changed bio.');
INSERT INTO "django_admin_log" VALUES(83,'2010-08-12 22:20:27.707549',2,19,'85','Roy  Leierzapf',2,'Changed bio and photo.');
INSERT INTO "django_admin_log" VALUES(84,'2010-08-12 22:20:59.748536',2,19,'85','Roy  Leierzapf',2,'Changed photo.');
INSERT INTO "django_admin_log" VALUES(85,'2010-08-12 22:23:29.931714',2,19,'17','Sara  Reimers',2,'Changed first_name, bio and photo.');
INSERT INTO "django_admin_log" VALUES(86,'2010-08-12 22:26:24.380656',2,19,'31','Jeeyun  Kim',2,'Changed bio and photo.');
INSERT INTO "django_admin_log" VALUES(87,'2010-08-12 22:30:13.981590',2,19,'73','Matthew  Gunderson',2,'Changed bio and photo.');
INSERT INTO "django_admin_log" VALUES(88,'2010-08-12 22:36:18.978224',2,19,'62','Cassandra Miranda Valladares',2,'Changed last_name, bio and photo.');
INSERT INTO "django_admin_log" VALUES(89,'2010-08-12 22:41:59.247030',2,19,'56','Yoshiaki  Horiguchi',2,'Changed last_name.');
INSERT INTO "django_admin_log" VALUES(90,'2010-08-16 17:10:29.614316',2,16,'16','Creation and Destruction',2,'Changed description and pieces.');
INSERT INTO "django_admin_log" VALUES(91,'2010-08-16 17:11:53.434092',2,16,'16','Creation and Destruction',2,'Changed pieces.');
INSERT INTO "django_admin_log" VALUES(92,'2010-08-17 15:44:40.685274',2,19,'76','Monica  Schwartz',2,'Changed last_name and bio.');
INSERT INTO "django_admin_log" VALUES(93,'2010-08-17 15:49:50.243987',2,19,'90','Anne  Ward',2,'Changed bio.');
INSERT INTO "django_admin_log" VALUES(94,'2010-08-17 15:51:41.346383',2,19,'90','Anne  Ward',2,'Changed bio.');
INSERT INTO "django_admin_log" VALUES(95,'2010-08-18 00:58:55.605276',1,12,'2','Holland, Jonathan Bailey - Motor City Dance Mix',2,'Changed soloist.');
INSERT INTO "django_admin_log" VALUES(96,'2010-08-18 01:00:58.290822',1,11,'12','Jonathan Bailey Holland',2,'Changed image.');
INSERT INTO "django_admin_log" VALUES(97,'2010-08-18 01:15:41.693163',1,16,'15','Symphonic Pops',2,'Changed soloists.');
INSERT INTO "django_admin_log" VALUES(98,'2010-08-18 01:26:13.169774',1,11,'12','Jonathan Bailey Holland',2,'Changed bio.');
INSERT INTO "django_admin_log" VALUES(99,'2010-08-18 01:26:42.144188',1,11,'12','Jonathan Bailey Holland',2,'Changed bio.');
INSERT INTO "django_admin_log" VALUES(100,'2010-08-19 15:02:23.277506',2,9,'20','/press_room/ -- Press Room',2,'Changed content.');
INSERT INTO "django_admin_log" VALUES(101,'2010-08-19 15:07:03.464835',2,9,'20','/press_room/ -- Press Room',2,'Changed content.');
INSERT INTO "django_admin_log" VALUES(102,'2010-08-19 15:09:09.320259',2,9,'20','/press_room/ -- Press Room',2,'Changed content.');
INSERT INTO "django_admin_log" VALUES(103,'2010-08-19 15:10:04.836587',2,9,'20','/press_room/ -- Press Room',2,'Changed content.');
INSERT INTO "django_admin_log" VALUES(104,'2010-08-19 15:26:19.941173',2,11,'13','Ah Hong',1,'');
INSERT INTO "django_admin_log" VALUES(105,'2010-08-19 15:38:29.953700',2,11,'5','Neil Ewachiw',2,'Changed bio and image.');
INSERT INTO "django_admin_log" VALUES(106,'2010-08-19 16:10:42.364276',2,11,'14','Rolando Sanz',1,'');
INSERT INTO "django_admin_log" VALUES(107,'2010-08-19 16:12:59.382933',2,16,'16','Creation and Destruction',2,'Changed pieces and soloists.');
INSERT INTO "django_admin_log" VALUES(108,'2010-08-19 16:14:26.266800',2,16,'16','Creation and Destruction',2,'Changed soloists.');
INSERT INTO "django_admin_log" VALUES(109,'2010-08-19 17:25:14.220326',2,9,'18','/stuff_from_jason/ -- Stuff From Jason',2,'Changed content.');
INSERT INTO "django_admin_log" VALUES(110,'2010-08-19 18:01:28.945782',2,9,'18','/stuff_from_jason/ -- Stuff From Jason',2,'Changed content.');
INSERT INTO "django_admin_log" VALUES(111,'2010-08-20 15:16:15.214671',2,16,'16','Creation and Destruction',2,'Changed description.');
INSERT INTO "django_admin_log" VALUES(112,'2010-08-20 15:17:03.159735',2,16,'16','Creation and Destruction',2,'Changed pieces.');
INSERT INTO "django_admin_log" VALUES(113,'2010-08-20 17:22:02.646480',2,16,'11','Land and Sea',2,'Changed image.');
INSERT INTO "django_admin_log" VALUES(114,'2010-08-20 17:23:26.976088',2,16,'11','Land and Sea',2,'No fields changed.');
INSERT INTO "django_admin_log" VALUES(115,'2010-08-22 13:28:00.623000',2,9,'18','/stuff_from_jason/ -- Stuff From Jason',2,'Changed content.');
INSERT INTO "django_admin_log" VALUES(116,'2010-08-22 15:54:34.342949',2,9,'18','/stuff_from_jason/ -- Stuff From Jason',2,'Changed content.');
INSERT INTO "django_admin_log" VALUES(117,'2010-08-22 15:55:55.988881',2,9,'18','/stuff_from_jason/ -- Stuff From Jason',2,'Changed content.');
INSERT INTO "django_admin_log" VALUES(118,'2010-08-23 00:12:29.842244',2,9,'18','/stuff_from_jason/ -- Stuff From Jason',2,'Changed content.');
INSERT INTO "django_admin_log" VALUES(119,'2010-08-23 09:37:26.890922',2,9,'18','/stuff_from_jason/ -- Stuff From Jason',2,'Changed content.');
INSERT INTO "django_admin_log" VALUES(120,'2010-08-23 15:53:13.863311',2,9,'18','/stuff_from_jason/ -- Stuff From Jason',2,'Changed content.');
INSERT INTO "django_admin_log" VALUES(121,'2010-08-26 21:03:21.209872',2,9,'18','/stuff_from_jason/ -- Stuff From Jason',2,'Changed content.');
INSERT INTO "django_admin_log" VALUES(122,'2010-08-26 21:04:07.460075',2,9,'18','/stuff_from_jason/ -- Stuff From Jason',2,'Changed content.');
INSERT INTO "django_admin_log" VALUES(123,'2010-08-27 15:55:53.474957',2,19,'8','Alison  Candela',2,'Changed noncurrent_member.');
INSERT INTO "django_admin_log" VALUES(124,'2010-08-27 15:56:19.352706',2,19,'55','Matthew  Carroll',2,'Changed noncurrent_member.');
INSERT INTO "django_admin_log" VALUES(125,'2010-08-27 15:56:45.027765',2,19,'67','Elizabeth  Eber',2,'Changed noncurrent_member.');
INSERT INTO "django_admin_log" VALUES(126,'2010-08-27 15:57:03.360999',2,19,'81','Melissa  Feliciano',2,'Changed noncurrent_member.');
INSERT INTO "django_admin_log" VALUES(127,'2010-08-27 15:57:18.006723',2,19,'88','Mario  Fuentes',2,'Changed noncurrent_member.');
INSERT INTO "django_admin_log" VALUES(128,'2010-08-27 15:57:41.014643',2,19,'79','Chris  Holtzem',2,'Changed noncurrent_member.');
INSERT INTO "django_admin_log" VALUES(129,'2010-08-27 15:57:56.666885',2,19,'11','Erin  Chester',2,'Changed noncurrent_member.');
INSERT INTO "django_admin_log" VALUES(130,'2010-08-27 15:58:16.687563',2,19,'74','Edna  Huang',2,'Changed noncurrent_member.');
INSERT INTO "django_admin_log" VALUES(131,'2010-08-27 15:58:28.821193',2,19,'68','Kelly  Klomparens',2,'Changed noncurrent_member.');
INSERT INTO "django_admin_log" VALUES(132,'2010-08-27 15:58:46.643259',2,19,'107','Greg  Herron',2,'Changed noncurrent_member.');
INSERT INTO "django_admin_log" VALUES(133,'2010-08-27 15:59:07.177506',2,19,'96','Jessica  Hughes',2,'Changed noncurrent_member.');
INSERT INTO "django_admin_log" VALUES(134,'2010-08-27 15:59:21.081341',2,19,'70','Kelly  Klomparens',2,'Changed noncurrent_member.');
INSERT INTO "django_admin_log" VALUES(135,'2010-08-27 15:59:33.824065',2,19,'102','Sarah  Knapp',2,'Changed noncurrent_member.');
INSERT INTO "django_admin_log" VALUES(136,'2010-08-27 15:59:46.098498',2,19,'14','Casey  Kraft',2,'Changed noncurrent_member.');
INSERT INTO "django_admin_log" VALUES(137,'2010-08-27 16:00:01.155588',2,19,'93','Rebecca  Lantz',2,'Changed noncurrent_member.');
INSERT INTO "django_admin_log" VALUES(138,'2010-08-27 16:00:15.316587',2,19,'72','Bobby  Lapinski',2,'Changed noncurrent_member.');
INSERT INTO "django_admin_log" VALUES(139,'2010-08-27 16:00:35.117576',2,19,'106','Gretchen   McCracken',2,'Changed noncurrent_member.');
INSERT INTO "django_admin_log" VALUES(140,'2010-08-27 16:00:53.507409',2,19,'57','Colin  O''Bryan',2,'Changed noncurrent_member.');
INSERT INTO "django_admin_log" VALUES(141,'2010-08-27 16:01:07.095294',2,19,'51','Dave  Pumplin',2,'No fields changed.');
INSERT INTO "django_admin_log" VALUES(142,'2010-08-27 16:01:28.102544',2,19,'97','Pamela  Scheuermann',2,'Changed noncurrent_member.');
INSERT INTO "django_admin_log" VALUES(143,'2010-08-27 16:01:44.780082',2,19,'63','Susan  Schultz',2,'Changed noncurrent_member.');
INSERT INTO "django_admin_log" VALUES(144,'2010-08-27 16:02:18.942112',2,19,'110','Randall  Stewart',2,'Changed noncurrent_member.');
INSERT INTO "django_admin_log" VALUES(145,'2010-08-27 16:02:33.209962',2,19,'87','Andrew  Strempek',2,'Changed noncurrent_member.');
INSERT INTO "django_admin_log" VALUES(146,'2010-08-27 16:02:49.494980',2,19,'43','Pamela  Truitt',2,'Changed noncurrent_member.');
INSERT INTO "django_admin_log" VALUES(147,'2010-08-27 16:03:04.791268',2,19,'62','Cassandra Miranda Valladares',2,'Changed noncurrent_member.');
INSERT INTO "django_admin_log" VALUES(148,'2010-08-27 16:04:00.863238',2,19,'78','Stacy  Hultzman',2,'Changed noncurrent_member.');
INSERT INTO "django_admin_log" VALUES(149,'2010-08-27 16:05:10.426190',2,19,'109','Jane  Creagan',2,'Changed noncurrent_member.');
INSERT INTO "django_admin_log" VALUES(150,'2010-08-27 16:05:36.927336',2,19,'114','Greg  Tsalikis',1,'');
INSERT INTO "django_admin_log" VALUES(151,'2010-08-27 16:06:15.550943',2,19,'95','Nancy  Corporon',2,'Changed noncurrent_member.');
INSERT INTO "django_admin_log" VALUES(152,'2010-08-27 16:07:06.397009',2,9,'14','/about_the_orchestra/ -- About The Orchestra',2,'Changed content.');
INSERT INTO "django_admin_log" VALUES(153,'2010-08-27 16:10:19.213140',2,19,'115','Elizabeth  Horst',1,'');
INSERT INTO "django_admin_log" VALUES(154,'2010-08-27 16:10:36.219850',2,19,'116','Doug  Dean',1,'');
INSERT INTO "django_admin_log" VALUES(155,'2010-08-27 16:12:25.353029',2,19,'117','Erin  Hedden',1,'');
INSERT INTO "django_admin_log" VALUES(156,'2010-08-27 16:12:42.016041',2,19,'118','Jessica  Liberati',1,'');
INSERT INTO "django_admin_log" VALUES(157,'2010-08-27 16:13:08.703937',2,19,'119','Adam  Waickman',1,'');
INSERT INTO "django_admin_log" VALUES(158,'2010-08-27 16:13:54.953247',2,19,'120','Esther Wagner Yuan',1,'');
INSERT INTO "django_admin_log" VALUES(159,'2010-08-27 16:14:12.993176',2,19,'121','Kate  Harvey',1,'');
INSERT INTO "django_admin_log" VALUES(160,'2010-08-27 16:14:38.593503',2,19,'122','Dami  Soh',1,'');
INSERT INTO "django_admin_log" VALUES(161,'2010-08-27 19:46:03.525359',2,9,'6','/advertise/ -- Advertise',2,'Changed content.');
INSERT INTO "django_admin_log" VALUES(162,'2010-08-28 15:22:00.121720',2,9,'18','/stuff_from_jason/ -- Stuff From Jason',2,'Changed content.');
INSERT INTO "django_admin_log" VALUES(163,'2010-08-28 15:28:57.489564',2,19,'20','Annette  Szawan',2,'Changed bio.');
INSERT INTO "django_admin_log" VALUES(164,'2010-08-28 15:29:29.465637',2,18,'29','Flute',1,'');
INSERT INTO "django_admin_log" VALUES(165,'2010-08-28 15:29:44.639700',2,18,'30','E-Flat, Bass Clarinets',1,'');
INSERT INTO "django_admin_log" VALUES(166,'2010-08-28 15:30:11.933799',2,19,'59','Elaine  Newhall',2,'Changed instrument.');
INSERT INTO "django_admin_log" VALUES(167,'2010-08-28 15:30:34.378079',2,19,'60','Kathrin  Kucharski',2,'Changed instrument.');
INSERT INTO "django_admin_log" VALUES(168,'2010-08-28 15:31:20.104456',2,19,'61','Devona Lee Schiller',2,'Changed instrument.');
INSERT INTO "django_admin_log" VALUES(169,'2010-08-28 15:33:45.140847',2,19,'123','Devona Lee Schiller',1,'');
INSERT INTO "django_admin_log" VALUES(170,'2010-08-28 15:34:10.874638',2,18,'31','Piccolo',1,'');
INSERT INTO "django_admin_log" VALUES(171,'2010-08-28 15:35:05.908751',2,19,'123','Devona Lee Schiller',2,'Changed instrument.');
INSERT INTO "django_admin_log" VALUES(172,'2010-08-28 15:37:30.670358',2,19,'123','Devona Lee Schiller',2,'No fields changed.');
INSERT INTO "django_admin_log" VALUES(173,'2010-08-28 15:38:30.699722',2,19,'75','Lori  Fowser',2,'Changed instrument.');
INSERT INTO "django_admin_log" VALUES(174,'2010-08-28 15:38:51.878544',2,19,'124','Lori  Fowser',1,'');
INSERT INTO "django_admin_log" VALUES(175,'2010-08-29 21:24:33.523341',2,19,'125','Shari  Rolnick',1,'');
INSERT INTO "django_admin_log" VALUES(176,'2010-08-29 21:25:24.523064',2,19,'126','Patricia  DeOrio',1,'');
INSERT INTO "django_admin_log" VALUES(177,'2010-08-29 21:26:26.142338',2,19,'127','Kristin  Huza',1,'');
INSERT INTO "django_admin_log" VALUES(178,'2010-08-29 21:27:23.849140',2,19,'128','Tracey  Grasty',1,'');
INSERT INTO "django_admin_log" VALUES(179,'2010-08-29 21:28:26.337943',2,19,'129','Amy  Sexauer',1,'');
INSERT INTO "django_admin_log" VALUES(180,'2010-08-29 21:30:15.424650',2,19,'126','Patricia  DeOrio',2,'Changed noncurrent_member.');
INSERT INTO "django_admin_log" VALUES(181,'2010-08-29 22:07:14.637342',2,19,'20','Annette  Szawan',2,'Changed photo.');
INSERT INTO "django_admin_log" VALUES(182,'2010-08-29 22:13:15.141539',2,19,'20','Annette  Szawan',2,'Changed bio and photo.');
INSERT INTO "django_admin_log" VALUES(183,'2010-08-30 12:19:21.382039',2,19,'130','Katie  Kimble',1,'');
INSERT INTO "django_admin_log" VALUES(184,'2010-08-31 10:38:49.102474',2,9,'21','/employment/ -- Employment',1,'');
INSERT INTO "django_admin_log" VALUES(185,'2010-08-31 10:49:00.351594',2,9,'21','/employment/ -- Employment',2,'Changed content.');
INSERT INTO "django_admin_log" VALUES(186,'2010-08-31 10:51:06.935189',2,9,'21','/employment/ -- Employment',2,'Changed content.');
INSERT INTO "django_admin_log" VALUES(187,'2010-08-31 10:55:22.961631',2,9,'21','/employment/ -- Employment',2,'Changed content.');
INSERT INTO "django_admin_log" VALUES(188,'2010-08-31 10:55:56.996811',2,9,'21','/employment/ -- Employment',2,'Changed content.');
INSERT INTO "django_admin_log" VALUES(189,'2010-08-31 10:57:23.008376',2,9,'21','/employment/ -- Employment',2,'Changed content.');
INSERT INTO "django_admin_log" VALUES(190,'2010-08-31 11:01:25.952535',2,9,'21','/employment/ -- Employment',2,'Changed content.');
INSERT INTO "django_admin_log" VALUES(191,'2010-08-31 11:06:30.641881',2,9,'21','/employment/ -- Employment',2,'Changed content.');
INSERT INTO "django_admin_log" VALUES(192,'2010-08-31 11:07:07.734729',2,9,'21','/employment/ -- Employment',2,'Changed content.');
INSERT INTO "django_admin_log" VALUES(193,'2010-08-31 11:08:00.303218',2,9,'21','/employment/ -- Employment',2,'Changed content.');
INSERT INTO "django_admin_log" VALUES(194,'2010-08-31 11:08:38.175598',2,9,'21','/employment/ -- Employment',2,'Changed content.');
INSERT INTO "django_admin_log" VALUES(195,'2010-08-31 11:09:26.141827',2,9,'21','/employment/ -- Employment',2,'Changed content.');
INSERT INTO "django_admin_log" VALUES(196,'2010-08-31 11:18:03.720887',2,19,'119','Adam  Waickman',2,'Changed bio and photo.');
INSERT INTO "django_admin_log" VALUES(197,'2010-09-02 10:35:20.450445',2,9,'21','/employment/ -- Employment',2,'Changed content.');
INSERT INTO "django_admin_log" VALUES(198,'2010-09-02 10:36:47.784973',2,9,'21','/employment/ -- Employment',2,'Changed content.');
INSERT INTO "django_admin_log" VALUES(199,'2010-09-02 10:38:23.828966',2,9,'21','/employment/ -- Employment',2,'Changed content.');
INSERT INTO "django_admin_log" VALUES(200,'2010-09-02 11:38:59.423172',2,16,'14','Peter and the Wolf ... and Friends',2,'Changed description.');
INSERT INTO "django_admin_log" VALUES(201,'2010-09-03 15:35:12.058895',2,9,'17','/member_schedule/ -- Member Schedule',2,'Changed content.');
INSERT INTO "django_admin_log" VALUES(202,'2010-09-04 01:53:33.148548',1,16,'16','Creation and Destruction',2,'Changed soloists.');
INSERT INTO "django_admin_log" VALUES(203,'2010-09-04 01:57:31.549636',1,11,'14','Rolando Sanz',2,'Changed bio.');
INSERT INTO "django_admin_log" VALUES(204,'2010-09-04 01:58:42.246899',1,11,'14','Rolando Sanz',2,'Changed bio.');
INSERT INTO "django_admin_log" VALUES(205,'2010-09-04 10:11:16.389996',2,9,'21','/employment/ -- Employment',2,'Changed content.');
INSERT INTO "django_admin_log" VALUES(206,'2010-09-04 12:36:36.805165',2,19,'105','Jeffrey   Soulen',2,'Changed bio and photo.');
INSERT INTO "django_admin_log" VALUES(207,'2010-09-04 12:40:10.178947',2,19,'105','Jeffrey   Soulen',2,'Changed bio.');
INSERT INTO "django_admin_log" VALUES(208,'2010-09-04 12:41:19.974173',2,19,'105','Jeffrey   Soulen',2,'Changed bio.');
INSERT INTO "django_admin_log" VALUES(209,'2010-09-05 12:03:37.418201',2,19,'105','Jeffrey   Soulen',2,'Changed photo.');
INSERT INTO "django_admin_log" VALUES(210,'2010-09-06 15:16:00.210309',2,11,'15','Kinetics Sance Theatre, Priscilla Kaufhold,Artistic Director',1,'');
INSERT INTO "django_admin_log" VALUES(211,'2010-09-06 15:23:27.638423',2,11,'15','Kinetics Dance Theatre, Priscilla Kaufhold, Artistic Director',2,'Changed name.');
INSERT INTO "django_admin_log" VALUES(212,'2010-09-06 15:25:30.406424',2,16,'14','Peter and the Wolf ... and Friends',2,'Changed soloists.');
INSERT INTO "django_admin_log" VALUES(213,'2010-09-06 15:45:37.405012',2,16,'17','Chamber Concert One',1,'');
INSERT INTO "django_admin_log" VALUES(214,'2010-09-06 15:46:35.930731',2,16,'18','Chamber Concert Two',1,'');
INSERT INTO "django_admin_log" VALUES(215,'2010-09-06 15:48:33.587269',2,16,'19','Chamber Concert Three',1,'');
INSERT INTO "django_admin_log" VALUES(216,'2010-09-06 15:50:08.293154',2,16,'19','Chamber Concert Three',2,'Changed description.');
INSERT INTO "django_admin_log" VALUES(217,'2010-09-06 15:52:18.647666',2,11,'12','Jonathan Bailey Holland',2,'Changed instrument.');
INSERT INTO "django_admin_log" VALUES(218,'2010-09-07 15:23:38.688439',2,16,'19','Chamber Concert Three',2,'Changed description.');
INSERT INTO "django_admin_log" VALUES(219,'2010-09-17 14:21:50.637337',1,18,'1','First Violin',2,'Changed order.');
INSERT INTO "django_admin_log" VALUES(220,'2010-09-17 14:22:01.051741',1,18,'2','Second Violin',2,'Changed order.');
INSERT INTO "django_admin_log" VALUES(221,'2010-09-17 14:24:51.893698',1,18,'3','Viola',2,'Changed order.');
INSERT INTO "django_admin_log" VALUES(222,'2010-09-17 14:25:00.204486',1,18,'4','Cello',2,'Changed order.');
INSERT INTO "django_admin_log" VALUES(223,'2010-09-17 14:25:13.332273',1,18,'5','Bass',2,'Changed order.');
INSERT INTO "django_admin_log" VALUES(224,'2010-09-17 14:26:06.488370',1,18,'5','Bass',2,'No fields changed.');
INSERT INTO "django_admin_log" VALUES(225,'2010-09-17 14:26:24.664383',1,18,'29','Flute',2,'Changed order.');
INSERT INTO "django_admin_log" VALUES(226,'2010-09-17 14:26:31.294852',1,18,'31','Piccolo',2,'Changed order.');
INSERT INTO "django_admin_log" VALUES(227,'2010-09-17 14:27:00.264353',1,18,'23','Alto Flute',2,'Changed order.');
INSERT INTO "django_admin_log" VALUES(228,'2010-09-17 14:27:11.556674',1,18,'7','Oboe',2,'Changed order.');
INSERT INTO "django_admin_log" VALUES(229,'2010-09-17 14:27:25.648453',1,18,'8','English Horn',2,'Changed order.');
INSERT INTO "django_admin_log" VALUES(230,'2010-09-17 14:27:41.051548',1,18,'9','Clarinet',2,'Changed order.');
INSERT INTO "django_admin_log" VALUES(231,'2010-09-17 14:28:22.310886',1,18,'10','E-Flat Clarinet',2,'Changed order.');
INSERT INTO "django_admin_log" VALUES(232,'2010-09-17 14:28:44.561385',1,18,'30','E-Flat, Bass Clarinets',2,'Changed order.');
INSERT INTO "django_admin_log" VALUES(233,'2010-09-17 14:28:58.523056',1,18,'11','Bass Clarinet',2,'Changed order.');
INSERT INTO "django_admin_log" VALUES(234,'2010-09-17 14:30:19.785466',1,18,'32','Soprano Saxophone',1,'');
INSERT INTO "django_admin_log" VALUES(235,'2010-09-17 14:30:41.337095',1,18,'33','Alto Saxophone',1,'');
INSERT INTO "django_admin_log" VALUES(236,'2010-09-17 14:30:53.255867',1,18,'25','Tenor Saxophone',2,'Changed order.');
INSERT INTO "django_admin_log" VALUES(237,'2010-09-17 14:31:07.042215',1,18,'34','Baritone Saxophone',1,'');
INSERT INTO "django_admin_log" VALUES(238,'2010-09-17 14:31:20.521568',1,18,'12','Bassoon',2,'Changed order.');
INSERT INTO "django_admin_log" VALUES(239,'2010-09-17 14:31:28.005104',1,18,'13','Contrabassoon',2,'Changed order.');
INSERT INTO "django_admin_log" VALUES(240,'2010-09-17 14:31:34.766310',1,18,'14','French Horn',2,'Changed order.');
INSERT INTO "django_admin_log" VALUES(241,'2010-09-17 14:31:42.777435',1,18,'15','Trumpet',2,'Changed order.');
INSERT INTO "django_admin_log" VALUES(242,'2010-09-17 14:31:56.610424',1,18,'16','Bass Trumpet',2,'Changed order.');
INSERT INTO "django_admin_log" VALUES(243,'2010-09-17 14:32:04.504975',1,18,'17','Trombone',2,'Changed order.');
INSERT INTO "django_admin_log" VALUES(244,'2010-09-17 14:32:16.385225',1,18,'18','Bass Trombone',2,'Changed order.');
INSERT INTO "django_admin_log" VALUES(245,'2010-09-17 14:32:39.274836',1,18,'35','Tenor Tuba',1,'');
INSERT INTO "django_admin_log" VALUES(246,'2010-09-17 14:32:46.929608',1,18,'19','Tuba',2,'Changed order.');
INSERT INTO "django_admin_log" VALUES(247,'2010-09-17 14:32:59.110692',1,18,'24','Harp',2,'Changed order.');
INSERT INTO "django_admin_log" VALUES(248,'2010-09-17 14:33:06.768094',1,18,'22','Piano/Keyboard',2,'Changed order.');
INSERT INTO "django_admin_log" VALUES(249,'2010-09-17 14:33:14.996547',1,18,'21','Timpani',2,'Changed order.');
INSERT INTO "django_admin_log" VALUES(250,'2010-09-17 14:33:23.272817',1,18,'20','Percussion',2,'Changed order.');
INSERT INTO "django_admin_log" VALUES(251,'2010-09-17 14:33:43.344902',1,18,'36','Music Librarian',1,'');
INSERT INTO "django_admin_log" VALUES(252,'2010-09-17 14:34:35.508041',1,18,'37','Personnel Manager (Winds, Brass, Percussion)',1,'');
INSERT INTO "django_admin_log" VALUES(253,'2010-09-17 14:34:52.233271',1,18,'38','Personnel Manager (Strings)',1,'');
INSERT INTO "django_admin_log" VALUES(254,'2010-09-17 14:36:10.867921',1,18,'26','Assistant Conductor',2,'Changed order.');
INSERT INTO "django_admin_log" VALUES(255,'2010-09-17 14:36:17.717535',1,18,'27','Music Director',2,'Changed order.');
INSERT INTO "django_admin_log" VALUES(256,'2010-09-17 14:36:27.891146',1,18,'28','Executive Director',2,'Changed order.');
INSERT INTO "django_admin_log" VALUES(257,'2010-09-17 14:43:55.660878',1,18,'6','Flute/Piccolo',3,'');
INSERT INTO "django_admin_log" VALUES(258,'2010-09-19 07:58:04.674320',2,9,'22','/young_artist_comp_2010/ -- Young Artist Competition 2010',1,'');
INSERT INTO "django_admin_log" VALUES(259,'2010-09-19 08:21:38.454402',2,9,'22','/young_artist_comp_2010/ -- Young Artist Competition 2010',2,'No fields changed.');
INSERT INTO "django_admin_log" VALUES(260,'2010-09-19 08:39:57.251637',2,9,'19','/young_artist_competition/ -- Young Artist Competition',2,'Changed content.');
INSERT INTO "django_admin_log" VALUES(261,'2010-09-19 08:43:08.135539',2,9,'19','/young_artist_competition/ -- Young Artist Competition',2,'Changed content.');
INSERT INTO "django_admin_log" VALUES(262,'2010-09-19 08:44:59.240314',2,9,'19','/young_artist_competition/ -- Young Artist Competition',2,'Changed content.');
INSERT INTO "django_admin_log" VALUES(263,'2010-09-19 08:45:58.956030',2,9,'22','/young_artist_comp_2010/ -- Young Artist Competition 2010',2,'Changed content.');
INSERT INTO "django_admin_log" VALUES(264,'2010-09-19 08:48:53.414187',2,9,'19','/young_artist_competition/ -- Young Artist Competition',2,'Changed content.');
INSERT INTO "django_admin_log" VALUES(265,'2010-09-19 08:50:43.301744',2,9,'19','/young_artist_competition/ -- Young Artist Competition',2,'Changed content.');
INSERT INTO "django_admin_log" VALUES(266,'2010-09-19 09:15:46.905467',2,9,'19','/young_artist_competition/ -- Young Artist Competition',2,'Changed content.');
INSERT INTO "django_admin_log" VALUES(267,'2010-09-19 13:13:19.172958',2,9,'17','/member_schedule/ -- Member Schedule',2,'Changed content.');
INSERT INTO "django_admin_log" VALUES(268,'2010-09-19 15:20:45.361799',2,19,'130','Katie  Kimble',2,'Changed bio and photo.');
INSERT INTO "django_admin_log" VALUES(269,'2010-09-19 15:22:34.164137',2,19,'94','Jeffrey  Girdler',2,'Changed photo.');
INSERT INTO "django_admin_log" VALUES(270,'2010-09-19 15:23:54.457699',2,19,'94','Jeffrey  Girdler',2,'Changed bio.');
INSERT INTO "django_admin_log" VALUES(271,'2010-09-19 15:27:59.919701',2,19,'44','Dottie  Wayne',2,'Changed bio and photo.');
CREATE TABLE "django_flatpage_sites" (
    "id" integer NOT NULL PRIMARY KEY,
    "flatpage_id" integer NOT NULL,
    "site_id" integer NOT NULL REFERENCES "django_site" ("id"),
    UNIQUE ("flatpage_id", "site_id")
);
INSERT INTO "django_flatpage_sites" VALUES(4,2,1);
INSERT INTO "django_flatpage_sites" VALUES(12,1,1);
INSERT INTO "django_flatpage_sites" VALUES(13,16,1);
INSERT INTO "django_flatpage_sites" VALUES(16,11,1);
INSERT INTO "django_flatpage_sites" VALUES(19,7,1);
INSERT INTO "django_flatpage_sites" VALUES(21,10,1);
INSERT INTO "django_flatpage_sites" VALUES(24,5,1);
INSERT INTO "django_flatpage_sites" VALUES(26,4,1);
INSERT INTO "django_flatpage_sites" VALUES(27,15,1);
INSERT INTO "django_flatpage_sites" VALUES(28,8,1);
INSERT INTO "django_flatpage_sites" VALUES(31,3,1);
INSERT INTO "django_flatpage_sites" VALUES(32,9,1);
INSERT INTO "django_flatpage_sites" VALUES(33,12,1);
INSERT INTO "django_flatpage_sites" VALUES(35,13,1);
INSERT INTO "django_flatpage_sites" VALUES(37,20,1);
INSERT INTO "django_flatpage_sites" VALUES(39,14,1);
INSERT INTO "django_flatpage_sites" VALUES(40,6,1);
INSERT INTO "django_flatpage_sites" VALUES(41,18,1);
INSERT INTO "django_flatpage_sites" VALUES(44,21,1);
INSERT INTO "django_flatpage_sites" VALUES(47,22,1);
INSERT INTO "django_flatpage_sites" VALUES(48,19,1);
INSERT INTO "django_flatpage_sites" VALUES(49,17,1);
CREATE TABLE "django_flatpage" (
    "id" integer NOT NULL PRIMARY KEY,
    "url" varchar(100) NOT NULL,
    "title" varchar(200) NOT NULL,
    "content" text NOT NULL,
    "enable_comments" bool NOT NULL,
    "template_name" varchar(70) NOT NULL,
    "registration_required" bool NOT NULL
);
INSERT INTO "django_flatpage" VALUES(1,'/mission/','Mission Statement','<h2>Columbia Orchestra Mission Statement</h2>
<p>
  The Mission of the Columbia Orchestra is to foster lifelong appreciation of, enthusiasm for, and participation in music. This is accomplished by:
</p>
<ul>
  <li>Providing the community with high-quality musical performances by a locally-based symphony orchestra
  </li>
  <li>Providing area students, teachers, and educational institutions with a classical music resource
  </li>
  <li>Providing local classical musicians with an opportunity to explore and perform great orchestral literature and chamber music
  </li>
</ul>',0,'',0);
INSERT INTO "django_flatpage" VALUES(2,'/audio/','Audio','<h2>Audio Clips</h2>
<ul>
<li><a href="/uploads/2010/wbjc_interview_may2010.mp3">05/22/10 WBJC interview with Jason Love</a></li>

<li><a href="/uploads/2010/interview-091017.mp3">10/17/09 WBJC interview with Jason Love</a></li>
</p>
',0,'',0);
INSERT INTO "django_flatpage" VALUES(3,'/history/','History','<div class="history">
<h2>History of the Columbia Orchestra</h2>
<p>
  <img src="/images/Orch-80.jpg" align="right" vspace="10" hspace="10" alt="Columbia Orchestra 1980" /> In the fall of 1977, a handful of local string players began playing classical music as the Columbia Chamber Orchestra. Yong Ku Ahn became the group''s first Music Director and conductor in 1978.
</p>
<p>
  <img src="/images/Orch-88.jpg" align="right" vspace="10" hspace="10" /> Upon Ahn''s retirement in 1988, Carl Dietrich took over leadership of the orchestra. During his tenure, the membership was expanded to include winds and percussion, standard symphonic literature was programmed, and the orchestra dropped "chamber" from its name.
</p>
<p>
  <img src="/images/Orch-9798.jpg" align="right" vspace="10" hspace="10" /> Catherine Ferguson served as the Columbia Orchestra''s third Music Director from 1990 until 1999, expanding the repertoire, restructuring the annual Young Artist Competition, establishing a regular season at Howard Community College''s Smith Theatre, and leading the Columbia Orchestra''s first appearance at the Columbia Festival of the Arts.
</p>
<p>
  <img src="/images/Orch-04.jpg" align="right" vspace="10" hspace="10" /> Current Music Director Jason Love took the podium in 1999, quickly winning the hearts of orchestra members and audience alike with his humor, generosity, and consummate musicianship. Under his baton, <em>The Baltimore Sun</em> named the Columbia Orchestra "Howard County''s premier ensemble for instrumental music."
</p>
<p>
  In August 2000, the orchestra hired Tedd Griepentrog as its first Executive Director. During the 2001-2002 season, all Masterworks programs were moved to the Jim Rouse Theatre to accommodate the expanded size of the orchestra and its growing audience. The Young People''s Concert added a Musical Instrument Petting Zoo for children of all ages to see, hear, touch, and play orchestral instruments. In June 2002, the orchestra made its Kennedy Center debut in collaboration with the Tony Powell/Music & Movement dance ensemble. During its silver anniversary season, the Columbia Orchestra performed for the Maryland Music Educators Conference at the Baltimore Convention Center and announced its first biannual American Composer Competition.
</p>

<p>In 2005, the organization established an administrative office at the Howard County Center for the Arts and released its first commercial recording, <i>Flying Home: A Tribute to John Denver</i>, performing with members and songwriters of the original John Denver Band.  In June 2007, the orchestra joined renown fiddler and concert artist Mark OConnor in a concert performed as part of the Columbia Festival of the Arts.</p>

 

<p>Celebrating its 30th Anniversary season, in 2008 the orchestra undertook a community arts project entitled Embracing the Millions, which enlisted members of the community area performing artists in exploring the questions raised by the worlds most famous symphony, Beethovens monumental <i>Symphony No. 9</i>.  The project culminated in the orchestras performance of the symphony with local choral groups in April 2008.</p>

 

<p>Now in its fourth decade, the orchestra continues its annual Young Artist Competition and its biannual American Composer Competition.  It has established a free chamber music series featuring members of the orchestra.  Popular pre-concert discussions, conducted by Howard Community Colleges William Scanlan Murphy and now sponsored by Baltimore-Washington Financial Advisors, routinely draw up to 20% of the evenings concert audience.  And the orchestra continues to perform not only the masterworks of the classical repertoire but also works by todays new generation of composers, including Tan Dun, Osvaldo Goliov, Joan Tower, and Jonathan Leshnoff.</p>

 

<p>As it enters its 33rd season, The Columbia Orchestra is clearly matching its reputation as one of Howard Magazines 51 Things We Love About Living In Howard County.</p>


</div>',0,'',0);
INSERT INTO "django_flatpage" VALUES(4,'/amazon/','Amazon','<h2>Shop AMAZON</h2>
<p>
  <a href="http://www.amazon.com/exec/obidos/redirect-home/columbiaorche-20" target="AMAZON"><img src="/images/button-amazon.gif" border="0" alt="Pop-up: Shop at Amazon.com" align="right" width="88" height="31" /></a> <strong>Go directly to AMAZON by clicking on this AMAZON button.</strong> It appears here and at the bottom of all of our web pages. AMAZON will donate a percentage of all purchases you make to the orchestra .
</p>
<p>
  Once the button has been clicked, a separate AMAZON window will appear. Use this window for your AMAZON shopping. If you close the window, no problem. Just click on any of our AMAZON buttons and a new window will open for you.
</p>
<p>
  <iframe src="http://rcm.amazon.com/e/cm?t=columbiaorche-20&o=1&p=27&l=qs1&f=ifr" width="180" height="150" frameborder="0" scrolling="no" align="right"></iframe> Make your visit to AMAZON more efficient by specifying search criteria and clicking on the gold GO button.
</p>
',0,'',0);
INSERT INTO "django_flatpage" VALUES(5,'/donate/','Donate','<h2>Make a Donation</h2>
<p>
  <a href="https://www.paypal.com/cart/add=1&business=tickets%40columbiaorchestra.org&item_name=Donation+-+under+quantity%2C+enter+multiple+of+%2410+%28e.g.+Qty%3D5+for+a+%2450+donation%29+and+click+on+UPDATE+CART&amount=10.00" target="paypal"><img src="/images/button-donation.gif" border="0" width="110" height="23" alt="Pop-up: Make a Donation" align="right" /></a> 
</p>
<p>
  We are grateful to our many loyal supporters, and hope you too will support the orchestra. Ticket sales cover only 25% of our expenses. Your donation helps make it possible for us to rent concert and rehearsal space, contract outstanding soloists, rent and purchase music, and keep the community informed of our activities. By contributing to the orchestra, you help to enrich our community and to sustain the priceless cultural heritage of classical music. Please help the Columbia Orchestra keep making <em>Your Community''s Music.</em>
</p>
<p>
  Contributors will be acknowledged in our programs grouped into these giving levels:
</p>
<ul>
  <li>FRIEND (up to $99)</li>
  <li>DONOR ($100-$249)</li>
  <li>PATRON ($250-$499)</li>
  <li>BENEFACTOR ($500-$999)</li>
  <li>SPONSOR ($1,000-$1,999)</li>
  <li>CONDUCTOR''S CIRCLE ($2,000 and greater)</li>
</ul>
<p>
  Thank you for your support. The Columbia Orchestra is incorporated in Maryland as a 501(c)(3) nonprofit corporation. All donations are tax-deductible. 
</p>
<p>
  <strong>How to make a donation:</strong>
</p>

<p>
  <a href="https://www.paypal.com/cart/add=1&business=tickets%40columbiaorchestra.org&item_name=Donation+-+under+quantity%2C+enter+multiple+of+%2410+%28e.g.+Qty%3D5+for+a+%2450+donation%29+and+click+on+UPDATE+CART&amount=10.00" target="paypal"><img src="/images/button-donation.gif" border="0" width="110" height="23" alt="Pop-up: Make a Donation" /></a>

<br/>

<strong>Click the button to make a donation online using a credit card</strong>.
</p>
<p>All transactions are handled on a secure server hosted by PayPal. If you do not already have a PayPal account, you will have the option to paying with or without creating one. Simply click the button and follow the instructions. You will be asked to log in to your PayPal account. If you do not have a PayPal account, that is not a problem. You will have the options of paying with or without creating one. Your donation will be confirmed by e-mail, and you will receive a written acknowledgement and thank-you by mail. If you have any comments regarding the donation, type them in the <strong>''Message to Seller (Optional)''</strong> section at the bottom of the <strong>''Billing Information''</strong> page.
</p>
<p>
  <strong>Make a donation by mail.</strong> First complete our <a class="boldlink" href="/uploads/2010/donationform.pdf" target="co_link" title="PDF Pop-up">donation form</a>. Viewing and printing this form requires Adobe Acrobat Reader; if you don''t have Acrobat Reader, you can <a class="bodylink" href="http://www.adobe.com/products/acrobat/readstep.html" target="co_link" title="Pop-up">download a free copy</a>. Then mail the form along with a check to The Columbia Orchestra, sending it to the address at the bottom of this web page.
</p>
<p>
  If you would like to make a non-cash donation to the orchestra, please contact the orchestra office at 410-465-8777. We will be happy to discuss other gifts with you.
</p>
<p>
  If you would prefer that your donation remain anonymous, just let us know and we will honor your wishes.
</p>
<p>
  The Columbia Orchestra is a 501(c)(3) organization&mdash;donations to which are tax deductible to the fullest extent allowed by law. A copy of our current financial statement is available upon request by calling our office. Documents submitted to the State of Maryland Charitable Solicitations Act are available from the Secretary of State, State House, Annapolis, MD 21401, for the cost of copying and mailing.
</p>
',0,'',0);
INSERT INTO "django_flatpage" VALUES(6,'/advertise/','Advertise','<h2>Program Underwriting</h2> 

<p>If you would like to underwrite the Columbia Orchestra''s programming, with your underwriting message seen in our 2010-2011 concert programs by thousands of concertgoers, you may either <em>sponsor</em> a specific activity (a concert, a soloist or a competition) or simply <em>take out an ad</em> in our printed concert programs. To sponsor a specific activity, please download a <a class="bodylink" href="/uploads/2010/CO_Sponsorship_Form_2010.pdf" target="co_link" title="Pop-up">Sponsorship form in PDF format</a>. For an ad in our printed concert programs, please download an <a class="bodylink" href="/uploads/2010/CO_Underwriting_Form_2010.pdf" target="co_link" title="Pop-up">Underwriting form in PDF format</a>.The forms are suitable for printing; simply fill out the appropriate form and return it to the address on the form. Viewing and printing these files requires <a class="bodylink" href="http://www.adobe.com/products/acrobat/readstep.html" target="co_link" title="Pop-up">Adobe Acrobat Reader</a>.</p>

<p>Please click <a class="bodylink" href="/uploads/2010/CO_Underwriting_Facts_2010.pdf" target="co_link" title="Pop-up">here for Underwriting Facts</a> to find out more about our season, reach, and program specifications.</p>

<h3>2010-2011 Concert Season</h3>
<p><strong>See your advertisement in the following programs!</strong></p>

<ul>

<li>
<strong>Classical Concert 1</strong>
<br/>
  Saturday, October 16, 2010
  <br />
  Rouse Theatre
</li>

<li>
<strong>Classical Concert 2</strong>
<br/>
Saturday, December 4, 2010
<br/>
Rouse Theatre
</li>

<li>
<strong>Young People''s Concerts</strong>
<br/>
  Saturday, January 8, 2011
  <br />
  Rouse Theatre
</li>
<li>
<strong>Symphonic Pops Concert</strong>
<br/>
  Saturday, February 12, 2011
  <br />
  Rouse Theatre
</li>
<li>
<strong>Classical Concert 3</strong>
<br/>
  Saturday, March 26, 2011
  <br />
  Rouse Theatre
</li>
<li>
<strong>Classical Concert 4</strong>
<br/>
  Saturday, June 4, 2011
  <br />
  Rouse Theatre
</li>
</ul>

<h3>The levels of underwriting and/or advertisement size are as follows:</h3>

<ul>
<li>
<strong>Concert Sponsor $5,000</strong><br/>
Includes corporate logo and/or company name in all season and concert press releases and printed materials pertaining to selected program, plus a full-page advertisement (6" wide x 7.5" high), website logo and link, complimentary tickets, concert banner, and lobby display.</li>

<li>
<strong>Soloist Sponsor $2,500</strong><br/>
Includes company name in all press releases and printed materials pertaining to selected soloist, plus a half-page advertisement (6" wide x 3.75" high), website logo and link, complimentary tickets, and concert banner.</li>

<li>
<strong>Competition Sponsor (Young Artist Competition, American Composer Competition) $1,000</strong><br/>
Includes company name in all printed materials pertaining to selected event, plus a business-card advertisement (3.5" wide x 2" high), website link, and complimentary tickets.</li>

<li>
<strong>Back or inside cover full-page color advertisement (6" wide x 7.5" high) SOLD OUT</strong><br/>
An extra 500 program covers will be printed for chamber music programs</li>

<li>
<strong>Full-page black&white advertisement (6" wide x 7.5" high) $485</strong>
</li>
<li>
<strong>Half-page black&white advertisement (6" wide x 3.75" high) $295</strong>
</li>
<li>
<strong>Business card black&white advertisement (3.5" wide x 2" high <strong>or</strong> 2" wide x 3.5" high) $185</strong>
</li>

</ul>
<p>BLACK & WHITE CAMERA-READY ARTWORK OR DIGITAL FILE DUE BY October 4, 2010.</p>

<p>An additional fee of $50 will be assessed for any artwork that must be modified.</p>


<p>If you have any questions, please contact us at 410-465-8777 or by e-mail at <a href="mailto:execdir@columbiaorchestra.org">execdir@columbiaorchestra.org</a>. </p>
',0,'',0);
INSERT INTO "django_flatpage" VALUES(7,'/volunteer/','Volunteer','<h2>Volunteer Opportunities</h2>

<p>The Columbia Orchestra is very grateful for all the volunteers who donate their time and talents at concerts and in our office.</p>

<p>If you would like to volunteer, please <a href="mailto:volunteers@columbiaorchestra.org">send an email</a> to our Volunteer Director. 

We''d love to have you!
</p>
',0,'',0);
INSERT INTO "django_flatpage" VALUES(8,'/composer_competition/','Composer Competition','<h2>American Composer Competition</h2>

<p>The Columbia Orchestra began its American Composer Competition in 2003 to help promote new American works both locally and across the United States. The winning work receives its first, second, or third public performance, thereby expanding the performance history for music worthy to be heard again and again. The winner also receives a cash prize and a additional stipend if attendance at the concert and rehearsals is possible. </p>

<p>The next American Composer Competition is scheduled for 2011. </p>

<h3>The winning work of the 2009 American Composer Competition was the Third Movement of Symphony No. 1 Remembrance by Albert Hurwit. The orchestra performed the work on December 5, 2009 with the composer in attendance. </h3>


<p>
  The orchestra received 124 submissions from throughout the United States. In addition to the winning work, seven finalists were selected (listed in alphabetic order):
</p>
<ul>
  <li>Brian Fennelly: Reflections/Metamorphosis
  </li>
  <li>Anthony Iannaccone: Dancing on Vesuvius
  </li>
  <li>Mark Lackey: Convergence
  </li>
  <li>Elizabeth Lim: Paranoia
  </li>
  <li>Justin Merritt: River of Blood
  </li>
  <li>Philip Rothman: Arc of Visibility
  </li>
  <li>David Schneider: Automation
  </li>
</ul>
<p>
  Congratulations to Dr. Hurwit, the finalists, and all who entered the competition. We are extremely grateful for your participation!
</p>
<p>
  Read more about the winning work and the competition in this <a class="bodylink" href="/uploads/2010/091205-ACC.pdf" target="co_link" title="Pop-up: PDF">Press Release.</a>
</p>
<p>
  <a id="hurwit"><strong>About Albert Hurwit</strong> <img src="/images/cc-hurwit.jpg" title="Albert Hurwit, composer" width="125" height="160" border="0" align="right" vspace="10" hspace="10" /></a>
</p>
<p>
  The composing career of Albert Hurwit began relatively late in his life. He was born in Hartford, Connecticut in 1931. After graduating from Harvard College and Tufts Medical School, he remained in Boston for four years of postgraduate radiology training. He returned to Hartford and practiced radiology until his retirement in 1986.
</p>
<p>
  Through most of his life, Hurwit had been casually involved with music and composing in an unstructured manner. Since 1986 he has dedicated all of his energies to composing music. He has had no formal training, but has received informal mentoring form Robert Carl, Chairman of the Composition Department of the Hartt School of Music at the University of Hartford, and Michael Lankester, the former Music Director of the Hartford Symphony Orchestra.
</p>
<p>
  In 1997 the Adaskin String Trio performed Hurwit&rsquo;s &ldquo;Adagio&rdquo; at the University of Hartford. It was then expanded into an &ldquo;Adagio for Orchestra,&rdquo; which was performed later that year by the Hartford Symphony Orchestra with Michael Lankester conducting at the Bushnell Center for Performing Arts.
</p>
<p>
  After three more years of self instruction, experimentation and musical exploration Hurwit began to compose a symphony. He completed the composition of Symphony No. 1 &ldquo;Remembrance&rdquo; in 2002.
</p>
<p>
  On November 8, 9 and 10, 2002, Movement III of the symphony (electronic rendition) was choreographed by Peggy Lyman and performed by the Hartt School of Music Dancers at the Lincoln Theater of the University of Hartford.
</p>
<p>
  On February 13 and 14, 2003, the third movement of this symphony was performed in a concert world premiere by the Hartford Symphony Orchestra under the direction of Edward Cumming at the Bushnell Center for Performing Arts.
</p>
<p>
  In July of 2004, the symphony was recorded by the Bulgarian National Radio Symphony Orchestra with Michael Lankester conducting. Hurwit spent eight days in Sofia and participated in the rehearsing, revisions, recording, mixing and finalizing process of the CD production. The CD of the symphony was released by MSR Classics in March of 2005, and it is being distributed by Albany Records.
</p>
<p>
  The West Hartford Symphony Orchestra under the baton of Richard Chiarappa presented world premiere concert performance of the entire Symphony No.1 &ldquo;Remembrance&rdquo; on March 5, 2006.
</p>
<p>
  <br />
  <strong>The Results of Previous Competitions</strong>
</p>
<p>
  <strong>2007</strong>
</p>
<div class="c1">
  <p>
    <strong>Winner:</strong> David Heuser: A Screaming Comes Across the Sky
  </p>
  <p>
    <strong>Finalists:</strong>
  </p>
  <ul>
    <li>Randolph Partain: Blood Rite
    </li>
    <li>David Sartor: Concerto for Orchestra
    </li>
    <li>Arthur Gottschalk: Amelia
    </li>
    <li>Laurence Bitensky: A Perfect Rest
    </li>
    <li>Mark Lortz: Deus Ex Machina
    </li>
    <li>Anthony Iannaccone: The Colors of Dream
    </li>
    <li>Kevin Walczyk: Capriccio
    </li>
    <li>Takuma Itoh: Concerto for Orchestra
    </li>
    <li>Lee Actor: Variations and Fugue
    </li>
  </ul>
</div>
<p>
  <strong>2005</strong>
</p>
<div class="c1">
  <p>
    <strong>Winner:</strong> David Dzubay: Shadow Dance
  </p>
  <p>
    <strong>Finalists:</strong>
  </p>
  <ul>
    <li>Lee Actor: Prelude to a Tragedy
    </li>
    <li>Arthur Gottschalk: Amelia
    </li>
    <li>Anthony Iannaccone: The Colors of Dream
    </li>
    <li>Rob Smith: Push
    </li>
    <li>Antonio Carlos DeFeo: What''s That I Hear?
    </li>
    <li>Charles Bestor: Variations for Orchestra
    </li>
    <li>Joshua Penman: Songs the Plants Taught Us
    </li>
    <li>Ernst Bacon: Smokey Mountain Scherzo
    </li>
  </ul>
</div>
<p>
  <strong>2003</strong>
</p>
<div class="c1">
  <p>
    <strong>Winner:</strong> Thomas Shnauber: Indigo Street
  </p>
  <p>
    <strong>Finalists:</strong>
  </p>
  <ul>
    <li>Yuanlin Chen: Overture - Rhapsody
    </li>
    <li>Paul Richards: Trip Hammer
    </li>
    <li>Stephan Prock: Garden Varieties
    </li>
    <li>Cynthia Miller: Frequent Flier
    </li>
    <li>Jeff Manookian: NEXUS
    </li>
    <li>Erich Stern: Escape
    </li>
    <li>Allen Menton: Shape-Note Fantasy
    </li>
    <li>Daniel Powers: The Starry Messenger
    </li>
    <li>James Ra: Awakened Spirit
    </li>
    <li>Christopher Pierce: Aquarelle
    </li>
    <li>Garrett Byrnes: The Flames of Imbolc
    </li>
  </ul>
</div>',0,'',0);
INSERT INTO "django_flatpage" VALUES(9,'/contact_us/','Contact Us','<h2>Contact Information</h2>

<p>
  If you would like information about Columbia Orchestra events and activities, <a class="bodylink" href="/mailing_list/">subscribe to our mailing list</a>.
</p>



  <h3>Address:</h3>

<p>
  The Columbia Orchestra
  <br />
  Howard County Center for the Arts
  <br />
  8510 High Ridge Road
  <br />
  Ellicott City, MD 21043
</p>
  <p>
    Howard County Center for the Arts is a converted elementary school on the left side of High Ridge Road. We are located in room #16.  Once inside go in the front door, take the left hall and our office is on the left near the end.
  </p>
  <p>
<a href="/locations/howard-county-center-arts/">Detailed directions to the building are located here</a>
  </p>
</div>

<h3>Phone Numbers</h3>
<dl>
	<dt>Phone</dt>
	<dd>410-465-8777</dd>
	<dt>Fax</dt>
	<dd>410-465-8778</dd>
</dl>

<h3>Email</h3>
<dl>
	<dt>General Information</dt>
	<dd><a href="mailto:execdir@columbiaorchestra.org">execdir@columbiaorchestra.org</a></dd>
	<dt>Auditions</dt>
	<dd><a href="mailto:annesward@comcast.net">annesward@comcast.net</a></dd>
	<dt>Tickets</dt>
	<dd><a href="mailto:ticketinfo@columbiaorchestra.org">ticketinfo@columbiaorchestra.org</a></dd>
	<dt>Young Artist Competition</dt>
	<dd><a href="mailto:youngartists@columbiaorchestra.org">youngartists@columbiaorchestra.org</a></dd>
	<dt>American Composer Competition</dt>
	<dd><a href="mailto:compcomp@columbiaorchestra.org">compcomp@columbiaorchestra.org</a></dd>
</dl>

',0,'',0);
INSERT INTO "django_flatpage" VALUES(10,'/preludes/','Preludes','<h2>Preludes</h2>

<h3>Sponsored by BWFA</h3>

<a href="http://www.bwfa.com/" target="co_link"><img src="/images/logo-bwfa.jpg" alt="Baltimore-Washington Financial Advisors" style="" border="0" height="52" width="175"></a>

<p>The Columbia Orchestra 

<img src="/images/Prelude_discussion.jpg" alt="Bill Scanlan Murphy giving a Prelude lecture" style="float:right; margin:1em 0 1em 1em;">

presents a series of "Preludes," a discussion series held before each Classical Concert.  This enlightening, entertaining series allows you to experience the stories and ideas behind the concert''s selections in an interesting, informal setting. Each free session runs from 6:30-7:10 (Subscribers can still take advantage of priority seating at 7:10.)</p>

<p>Concertgoers everywhere agree that the more you know about the music you are hearing, the more you enjoy it. Our Preludes series is designed to offer you that knowledge in a way that is easy and fun. We hope that you will enhance your concert experience by joining us for each Prelude!</p>

<p>Join Bill Scanlan Murphy for an enlightening, entertaining pre-concert discussion.</p> 

<h3>About Bill Scanlan Murphy</h3>

<img src="/images/p-murphy.jpg" style="float: left; margin: 1em 1em 1em 0;"/>

<p>Bill Scanlan Murphy was born in Glasgow, Scotland, in 1954 and holds an MA degree from the University of Oxford. A professionally complex life has included hosting radio shows (rock, classical, and documentary) for the BBC, writing music for television dramas and working with diverse performers ranging from the BBC Scottish Symphony Orchestra to the Beach Boys and Charles Manson. Cease To Exist, a radio documentary on the musical life of Manson, remains the most-listened-to documentary in the history of the BBC Radio One network.</p>
 
<p>A parallel career as a naval historian has resulted in a book on early submariners and numerous articles and radio features, including one on how many composers have been naval officers. Bill Scanlan Murphy currently teaches at Howard Community College and is Director of Music at Lovely Lane United Methodist Church in Baltimore.</p>',0,'',0);
INSERT INTO "django_flatpage" VALUES(11,'/program_notes/','Program Notes','<h2>Program Notes - Concert 5/22/10</h2>
<h3>by Bill Scanlan Murphy</h3>

<a name="wm">
</a></font><p><font face="verdana" size="2"><a name="wm"><br>
<b><font size="3">WOLFGANG AMADEUS MOZART (17591792)</font>
</b></a></font></p><p>
<font face="verdana" size="2"><a name="wm"><b>PIANO CONCERTO in D Minor, K. 466<br>
</b>
COMPOSED: 1785<br>
PREMIERED: Vienna, 1785<br>
I: Allegro<br>
II: Romanza<br>
III: Allegro assai; alla breve
</a></font></p><p>
<font face="verdana" size="2"><a name="wm">This curiously dark work is one of only two of Mozarts 27 piano concerti to be written in a minor key. That the first performance could barely be heard over the background noise in the Mehlgrube Casino probably contributed to the gloom, as did the fact that Mozart had barely finished it when he took his seat at the piano. The premiere was, in fact, a scramble. As his father wrote to Mozarts sister Nannerl:
</a></font></p><ul>
<font face="verdana" size="2"><a name="wm">I heard an excellent new piano concerto by Wolfgang, on which the copyist was still at work when we got there, and your brother didn''t even have time to play through the rondo because he had to oversee the copying operation. 
</a></font></ul>
<font face="verdana" size="2"><a name="wm">Mozart conducted frantically from the keyboard, nodding occasionally to the terrified concertmaster, whose suspicion that the only full score was still in Mozarts head was entirely justified. There would be similar scenes nearly 150 years later, as George Gershwin nodded to Paul Whiteman to tell him the (improvised!) piano solo sections were about to end during the first performance of <i>Rhapsody in Blue.</i> Mozarts audience consisted of what his obsessively class-conscious father called a vast concourse of people of rank, hovering between his sons music and the gaming tables. Only the previous evening, Joseph Haydn had told Leopold that Wolfgang was the greatest composer known to me, either personally or be reputation, yet here he was now, struggling for attention.
</a></font><p>
<font face="verdana" size="2"><a name="wm">A month earlier, the Mehlgrubes star attraction had been the blind pianist Maria Theresia von Paradis (for whom Mozart wrote a concerto); the month before, there had been a conjurer. As always, the composers social standing teetered between very shaky popular adulation and the wow-but-so-what feeling that now (briefly) meets the denizens of <i>American Idol.</i> This hovering between the worlds of the courtly flunky and popular stardom (no problem at all for musicians only fifty years later) was an important factor in his ultimate impoverishment and early death. Its therefore all the more surprising that Mozart chose an occasion like this to launch one of his darkest, most searching works.
</a></font></p><p>
<font face="verdana" size="2"><a name="wm">The first movement opens withno, not the first subject of the inevitable sonata form opener. Instead, we hear motifsfragments that together <i>add up</i> to thematic material, an astonishing foreshadowing of the gigantic mosaics of Wagner, set over nagging, syncopated string chords. Instead of the usual setting out of the structural shop that we expect at the opening of a Classical concerto, we instead are offered what can only be called mood-setting. It is only when the piano enters that our old friends A and B become clearly audible. There would be nothing like this again until the concertos of Beethoven, who revered this work and played it in public several times. Indeed, it is Beethovens cadenzas that we are hearing this evening in the first and last movements.
</a></font></p><p>
<font face="verdana" size="2"><a name="wm">Like Beethoven after him, Mozart often carried out his more outrageous formal experiments in his slow movements, and this concerto has a vivid example in its rondo structureeasily the least likely form to be expected here (not least because this movement is followed by another one). Even less likely is the dramatic lurch into G minor towards the end. Beethoven would often challenge himself (and us) with sudden plunges into distant keys, as though daring himself to find a way home; he may well have been inspired by Mozarts leap into the tonal darkness here. Always civilized and precise, of course (its Mozart, after all), but with the faintest cracks and shadows in the porcelain. Nor should we forget that Mozart reserved his darkest thoughts (think of the fortieth symphony) for the key of G minor.
</a></font></p><p>
<font face="verdana" size="2"><a name="wm">The Finale is the rondo we might expectbut, once again, G minor lurks in the tonal forest. It is not hard to believe that Mozart looked at that Casino audience and saw, not the career-saving Fairy Godfather that his father saw that day, but the Wolf. The concertos optimistic D major ending barely dissipates the darkness. Only seven years later, Mozart would be in an unmarked grave barely ten blocks from the Casino.



</a><a name="gm">
</a></font></p><p><font face="verdana" size="2"><a name="gm"><br>
<b><font size="3">GUSTAV MAHLER (18601911)</font>
</b></a></font></p><p>
<font face="verdana" size="2"><a name="gm"><b>SYMPHONY No. 1 in D<br>
</b>
COMPOSED: 188488<br>
PREMIERED: Budapest, Hungary, 1889<br>
</a></font></p><p>
<font face="verdana" size="2"><a name="gm">No, not the <i>Titan.</i> Mahler ditched the subtitle early in this works tortuous early history (read on!). His wife, the later much-married Alma, could never bear listening to the First Symphony, because she knew what it was about; few wives (and certainly not one as independent of spirit as Alma) wish to wallow in the murky history of their husbands love lives. 
</a></font></p><p>
<font face="verdana" size="2"><a name="gm">The Symphony began as music inspired by the soprano Johanna Richter, with whom Mahler had an absurdly one-sided non-affair in 1884. This object lesson in unrequited love resulted firstly in the doom-laden <i>Songs of a Wayfarer.</i> One of these, the deceptively chirpy <i>Ging heut Morgen,</i> is tested to destruction in the first movement of the Symphony. Johanna claimed, absurdly, to be related to Mahlers favorite author, Jean-Paul Richter. Jean-Pauls most popular novel, <i>Titan,</i> rarely left Mahlers bedside. The books intimidating structure35 chapters and 146 sub-chaptershas been cited as an arguable origin for Mahlers later symphonic giantism, but rather more to the point is Jean-Pauls concept of the <i>hoher Mensch,</i> the superior man that would eventually morph, at least for Mahler, into the Nietzschean <i>bermensch.</i> The fact that Jean-Paul tells his tale in the form of a gargantuan, overwrought fairy-tale very nearly gives us Mahlers musical thinking in a nutshell.
</a></font></p><p>
<font face="verdana" size="2"><a name="gm">After Frulein Richter ditched him, Mahler embarked on a guilt-ridden liaison with Marion Weber, the wife of Carl Maria von Webers grandson, made all the worse by the fact that her husband was trusting him with editing the musical heritage of his grandfather, who was one of Mahlers heroes. Mahler was not Wagner, and, unlike the Sage of Bayreuth, had a conscience; the halting, fumbling, emotionally frantic result suggests what might have happened happen if Schiller edited <i>Peyton Place;</i> the musical spin-off was Mahlers incidental music for Joseph Victor von Scheffels play <i>Der Trompeter von Sckingen.</i> This music also found its way into the Symphony, only to be thrown out again. Like Mahler himself, one might say.
</a></font></p><p>
<font face="verdana" size="2"><a name="gm">Symphony? Not originally. Mahler launched the work as a <i>Titan,</i> a Symphonic Poem in Two Parts. Following Jean-Pauls baleful example, Mahler subdivided the two parts into three and two movements respectively. The second movement, <i>Blumine,</i> was the recycled <i>Trompeter von Sckingen</i> music; traumatic events with Marion Weber house resulted in Mahler scrapping the movement after its second performance, in 1894. It would lie forgotten until resurrected by (curiously) Benjamin Britten in 1967. Not entirely helpfully, Mahler supplied the audience with detailed program notes linking the music to Jean-Pauls epic; an unappreciative Budapest audience laughed the work off the stage. Mahler admitted at the time that he had made up the programmatic content <i>after</i> writing the music. An old story in the ever-deceptive emotional world of Romanticism.
</a></font></p><p>
<font face="verdana" size="2"><a name="gm">It was only in 1896 that the Symphony finally appeared in its present form, minus <i>Blumine</i> and without its title. It was now the Symphony in D for Large Orchestra, and so it remains today. Ironically, the Berlin critics slammed the work for its <i>lack</i> of programmatic content.
</a></font></p><p>
<font face="verdana" size="2"><a name="gm">This apparent indecision points to the very heart of Mahlers music. The Funeral March of Beethovens <i>Eroica</i> symphony evokesin advancethe departed Napoleon; Mahlers Funeral March is a mangled <i>Frre Jacques,</i> and suggests the obsequies for an unfortunate puppet. This sort of irony was always going to cause Mahler problems with an audience that liked its emotions untainted; indeed, it would be the 1960s before his music achieved the popularity it deserved. Two World Wars, grimly foreseen by Nietzsche, had made the old Romanticism not merely impossible but unbearable.
</a></font></p><p>
<font face="verdana" size="2"><a name="gm">The first movement, based largely on the song <i>Ging heut Morgen</i> (not so much inspired as <i>caused</i> by Johanna Richter), emerges from a drastic re-hearing of the opening of Beethovens Ninth, as distant fanfares and tweeting birds usher us into Mahlers world. A symphony, he would tell Jean Sibelius, must be a world, and this is his. The <i>Wayfarer</i> song is heralded by the unmistakable sound of the cuckoo. Unmistakable, but nonstandard: Austrian cuckoos, it seems, sing a fourth, rather than the traditional third.
</a></font></p><p>
<font face="verdana" size="2"><a name="gm">One of Mahlers early songs, <i>Hans und Grete</i> (another love song - inspiration, mercifully, unknown) is recycled in the second movement into a vision of precisely the pan-Germanic merriment that Mahler never felt at home in. Like the peasant dance in Bartks Concerto for Orchestraonce described as a man trying to dance with a foot nailed to the floorthis is music expressing almost exactly the opposite of what it seems to be. This is the music of the outsider, who always hears from afar, even when surrounded by the musicians.
</a></font></p><p>
<font face="verdana" size="2"><a name="gm">Mahler knew <i>Frre Jacques</i> as <i>Bruder Martin.</i> Early audiences were violently offended by its transformation into a dirge in the third movement, as though it were an affront to the very thought of childish innocence. Which is exactly what it is. Mahler is at his grimmest precisely when he is joking. A lifelong admirer of Nietzsche, he was well acquainted with the philosophers motto<i>Ridendo dicere severum;</i> saying stern things with a smile. Mahler claimed that the music was inspired by a woodcut called <i>The Hunters Funeral Procession</i>which may even be true. But anyone who has been through the emotional mill of Stephen Sondheims <i>Into The Woods</i> knows what can happen to childish materials in the hands of a master. And so it is here.
</a></font></p><p>
<font face="verdana" size="2"><a name="gm">Mahlers own early program note calls the last movement of the symphony The cry of a wounded hearthis, of course. The movement acts as the apotheosis of the early movementsthe goal they never reached. The Wayfarer of the first movement finally reaches his destination (it is almost a surprise that he had one); even poor Marion Weber makes an appearance as the <i>Blumine</i> music drifts achingly byreferring back, ironically, to music that Mahler had cut. The music, all too obviously, is conjuring up an ecstasy that he never knew in the real world (is there one?); the blaze of brass (seven horns!) that closes the work is an invitation into the Beyond.
<op>
Jean-Paul once said, in a phrase that would echo eternally in Nietzsche, Joy, unlike seriousness, is inexhaustible. Mahler clearly knew what he meant; he had learned the hard way. Through his music, we can learn the same lesson. 
',0,'',0);
INSERT INTO "django_flatpage" VALUES(12,'/mailing_list/','Mailing List','<h2>Subscribe to the Mailing List</h2>

<p>To subscribe to the mailing list, simply send an email to <a href="mailto:mailinglist@columbiaorchestra.org?subject=Columbia Orchestra Mailing List Request">mailinglist@columbiaorchestra.org</a> with your name, address, phone number, and email address.</p>

<p><strong>Our Privacy Policy</strong>:  We will never share your information with any outside individuals or organizations without your permission. Period! The sole purpose of our mailing list is to provide information about Columbia Orchestra events and activities to those who have expressed interest in the orchestra. </p>',0,'',0);
INSERT INTO "django_flatpage" VALUES(13,'/auditions/','Auditions','<h2>Join the Columbia Orchestra</h2>

<p>If you play an orchestral instrument and enjoy the challenge of playing the best of the symphonic repertoire with an inspiring conductor, you don''t want to miss the opportunity to join the Columbia Orchestra of Howard County, Maryland. The Columbia Orchestra is a volunteer adult community orchestra dedicated to fostering a lifelong appreciation of and participation in classical music. Advanced high school students are welcome. Come join us for an exciting season performing great music! We keep an active substitute list, so don''t hesitate to contact us.</p>

<p>Now how do you join? By auditioning for us at the auditions typically held near the end of August. We also have a limited number of audition times during the season, so if you miss our August auditions but are still interested, please contact <a href="mailto:annesward@comcast.net">annesward@comcast.net</a> or 410-465-8777, extension 4.</p>

<p>If the thought of preparing an audition frightens you, please remember - we are a friendly group of people who love to play music together, and we want to make joining us a fun experience for you!</p>

<h3>Audition Requirements (to last no longer than 15 minutes total)</h3>

<ul>
<li>Two octave major and minor scales through 3b and 3# (articulated/slurred as you wish)</li>
<li>2 prepared pieces of contrasting nature (orchestral/concerto excerpts are acceptable)</li>
<li>Sight-reading at the discretion of the Music Director</li>
</ul>

<p>Please look around our web site to familiarize yourself with our orchestra. Here are some specific items you may be interested in:</p>
<ul>
<li>Rehearsal Schedule</li>
<li><a href="/locations/">Rehearsal Locations</a></li>
<li><a href="/season/">Concert Season</a></li>
</ul>

<p>Auditions will be held <b>Sunday, August 15, 2010 1:00  5:00 PM</b>
and <b>Monday, August 16, 2010 7:00  10:00 PM</b>
at Christ Episcopal Church, 6800 Oakland Mills Road, Columbia. for the following:</p>

<ul><li>Permanent positions Second Clarinet, Third/Auxiliary Clarinet (E-Flat, Bass), Section Percussion, and for all strings</li>
<li>Substitute list for woodwinds, brass, and percussion </li></ul>

<p>For more information, please contact <a href="mailto:annesward@comcast.net">annesward@comcast.net</a> or 410-465-8777, extension 4.</p>',0,'',0);
INSERT INTO "django_flatpage" VALUES(14,'/about_the_orchestra/','About The Orchestra','<h2>About The Columbia Orchestra</h2>

<h3>Artistic Staff</h3>
<ul>
<li><a href="/members/jason_love/">Jason Love - Music Director</a></li>
<li><a href="/members/brenda_anna/">Brenda Anna - Concertmaster</a></li>
<li><a href="/members/">Orchestra Roster &amp; Bios</a></li>
</ul>

<h3>Administrative Staff</h3>
<ul>
<li><a href="/members/tedd_griepentrog/">Tedd Griepentrog - Executive Director</a>, <a href="mailto:execdir@columbiaorchestra.org">execdir@columbiaorchestra.org</a> 410-465-8777</li>
<li>Tamara Sciullo - Administrative Assistant/Development Director, <a href="mailto:admin@columbiaorchestra.org">admin@columbiaorchestra.org</a></li>
<li>Norma Hooks - Librarian</li>
<li>Annette Szawan - Personnel, strings</li>
<li>Anne Ward - Personnel, winds</li>
</ul>


<h3>Board of Directors</h3>
<ul>
<li>Bruce Kuehne - President</li>
<li>Anne Ward - Vice President</li>
<li>Naomi Chang Zajic - Secretary</li>
<li>David Zajic - Treasurer</li>
<li>Glenn Caldwell</li>
<li>Robert Cassel</li>
<li>Monica DeLeon</li>
<li>Karen Hopkinson</li>
<li>Barbara Russell</li>
<li>Murray Simon</li>
<li>Holly Thomas, Board Member Emerita</li>
</ul>

<p><a href="/history/">History of the Columbia Orchestra</a></p>

<p><a href="/uploads/2010/CO_Annual_Report_FY09.pdf">The Columbia Orchestra 2009-2010 Season Annual Report</a></p>

<p><a href="/mission/">Mission Statement</a></p>

',0,'',0);
INSERT INTO "django_flatpage" VALUES(15,'/tickets/','Tickets','<h2>Ticket Information</h2>
 

</font><p><font size="2" face="verdana"> 
<font size="3"><b>We have 2010-2011 season tickets waiting for you!</b>
</font> We provide many methods for you to choose from: use a credit card to order <a class="bodylink" href="/tickets#online">online</a>, send a check by <a class="bodylink" href="/tickets#mail">mail</a>, reserve tickets by <a class="bodylink" href="/tickets#phone">phone/e-mail</a> or purchase them <a class="bodylink" href="/tickets#person">in person</a> at any of several different locations.  Details for each method are given below. If you do not order in advance, the remaining available tickets can be purchased by cash or check at the performance.


</font></p><p>
<font size="2" face="verdana">Tickets purchased prior to September will be mailed in early September.
<!--

If you have not subscribed this season, please review all of the great benefits of subscribing and consider subscribing next year - you will get more than great music!

-->
<!-- -->
</font></p><p><font size="2" face="verdana"> 
<font size="3"><b>Subscription Ticket Prices: <i>(Save 20% when you get 5 concerts for the price of 4!)</i></b></font> 
</font></p><blockquote>
<font size="2" face="verdana">Adult $80<br> 
Seniors (60 and up) $64<br> 
Fulltime Students (To age 24) $40 
</font></blockquote>
<!-- -->

<p>
<font size="2" face="verdana"><font size="3"><b>Single Ticket Prices - Classical Concerts:
</b></font> 
</font></p><blockquote>
<font size="2" face="verdana">Adult $20<br> 
Seniors (60 and up) $16<br> 
Fulltime Students (To age 24) $10 <br>
Group Rates (10 or more) $16
</font></blockquote>


<p>
<font size="2" face="verdana"><font size="3"><b>Single Ticket Prices - Pops Concert:
</b></font> 
</font></p><blockquote>
<font size="2" face="verdana">Adult $22<br> 
Seniors (60 and up) $18<br> 
Fulltime Students (To age 24) $10<br>
Group Rates (10 or more) $18
</font></blockquote>



<p><font size="2" face="verdana"> 
<font size="3"><b>Single Ticket Prices - Young People''s Concert:</b></font> 
<br>
</font></p><blockquote>
<font size="2" face="verdana">Adults, children 12 and up $15<br> 
Children under 12 <b>FREE</b> 
</font></blockquote>

<!-- -->
<p><font size="2" face="verdana"> 
<font size="3"><b>Subscriber Benefits Include:</b></font> 
</font></p><blockquote>
<font size="2" face="verdana"><i><b>Savings of 20%!</b></i> Attend five concerts for the price of four. 
</font><p><font size="2" face="verdana"> 
<i><b>Early access to seating!</b></i> Subscribers may select the best seats in the house by entering the theatre ten minutes before single-ticket purchasers. 
</font></p><p><font size="2" face="verdana"> 
<i><b>Free ticket exchange!</b></i> When conflicts arise, exchange your ticket in advance for another program. 
</font></p><p><font size="2" face="verdana"> 
<i><b>Special highlights on upcoming events!</b></i> Receive early information about programs and guest artists. 
</font></p><p><font size="2" face="verdana"> 
<i><b>E-mail reminders!</b></i> Don''t miss a single concert. 
</font></p></blockquote>
<!-- -->

<p>
<font size="2" face="verdana"><br> 
<font size="3"><b>Tickets may be purchased in advance in any of the following four ways.</b></font>  All ticket orders placed within six days of a performance will be held at the concert''s will-call window . They may be picked up any time after 6:15 p.m. on the evening of the performance. 
</font></p><p><font size="2" face="verdana"> 
<a name="online">
<b><font size="3">1) Order online using a credit card.</font></b> All transactions are handled on a secure server hosted by PayPal (the same PayPal that is the most trusted and popular method to make purchases on ebay). In the </a><a class="bodylink" href="#table">table</a> below, simply click the "add to cart" button(s) for the ticket(s) you wish to purchase and follow the instructions. Your order will be confirmed by e-mail, and your tickets will be mailed to you (or held at will-call for orders placed within 6 days of the concert). Online orders will be accepted up until the morning of each concert. We would appreciate it, though, if you would order earlier as we are a bit busy concert day.  
</font></p><p><font size="2" face="verdana"> 
<i>Please note: Online ordering is currently the only way to use a credit card to purchase tickets other than going in person to the Columbia Association office on Wincopin Circle. We are not equipped to handle credit card purchases at the door.</i> 
</font></p><p><font size="2" face="verdana"> 
<a name="mail">
<b><font size="3">2) Order by mail.</font></b>

Tell us the concert date, type of tickets (senior, adult, student) and number of tickets for each type along with a check to The Columbia Orchestra. Send to the address at the bottom of the page.
<!--

To order by mail, please download a <A CLASS="bodylink" HREF="ticketorder.pdf">ticket order form in PDF format</A>. Then mail us the completed form with payment. Viewing and printing this form requires Adobe Acrobat Reader; if you don''t have Acrobat Reader, you can download a <A CLASS="bodylink" HREF="http://www.adobe.com/products/acrobat/readstep.html">free copy</A>. 

-->
</a></font></p><p><font size="2" face="verdana"><a name="mail"> 
</a><a name="phone">
<b><font size="3">3) Order by phone or e-mail.</font></b> We strongly encourage online payment in order to minimize your delay in the lobby prior to being seated. If you do not wish to pay online and would like to reserve tickets to purchase at will-call, please contact our Executive Director at (410) 465-8777, extension 2, or E-mail <b>ticketinfo<font size="2">@</font>columbiaorchestra.org</b>. 
</a></font></p><p><font size="2" face="verdana"><a name="phone"> 
</a><a name="person">
<b><font size="3">4) Purchase tickets in person.</font></b> Tickets may be purchased in person at the Music &amp; Arts Center at the Chatham Station Shopping Center, the Music &amp; Arts Center in Laurel, or the Columbia Association office on Wincopin Circle. Music &amp; Arts will accept payment by cash or check. Credit cards may be used at the Columbia Association office. Tickets are available at these locations shortly before each concert.
</a></font></p><p><font size="2" face="verdana"><a name="person"> 
<font size="3"> For those concerts which are not sold out in advance, tickets will be available for purchase (by cash or check only) at the door. 
</font> 
</a></font></p><p><font size="2" face="verdana"><a name="person"> 
<br><br>

</a><a class="bodylink" name="table">  

</a><table width="100%" cellpadding="20" border="1"><tbody><tr><td> 
 
<br> 
<center><font size="3" face="verdana"><b>Concert Tickets 2010-2011</b></font></center>
 
<p> 
<font size="2" face="verdana">For each desired item, click once on its ''Add to Cart'' button. The first click will cause a Paypal shopping cart window to appear. Quantities for each item can be changed or removed in this new window. To access the shopping cart window (without adding items), click the ''View Cart'' button.</font> 
</p><p> 
</p><center> 

<table cellpadding="3" border="1"> 

<tbody><tr><td colspan="2"><font size="2" face="verdana">View current contents of shopping cart
   </font></td>
   <td><a href="https://www.paypal.com/cart/display=1&amp;business=tickets%40columbiaorchestra.org" target="paypal">
   <img src="/images/button-viewcart.gif" alt="Pop-up: View Cart" height="23" width="78" border="0"></a> 
</td></tr>


<!---------------------------------------  %2C = , ----------------------------------->

<!-- -->

<tr><td rowspan="3"><font size="2" face="verdana">
  Season Tickets<br>Five concerts for the price of four:<br>
<b>Classical Concert</b> programs and <b>Pops Concert</b>
</font></td>
  <td><font size="2" face="verdana">Adult @ $80 each
  </font></td> 
  <td><a href="https://www.paypal.com/cart/add=1&amp;business=tickets%40columbiaorchestra.org&amp;item_name=Adult+Season+Ticket+Subscription&amp;amount=80.00&amp;return=http%3A//www.columbiaorchestra.org/paymentsuccess.shtml&amp;cancel_return=http%3A//www.columbiaorchestra.org/paymentcancel.shtml" target="paypal">   
   <img src="/images/button-addtocart.gif" alt="Pop-up: Add to Cart" height="23" width="90" border="0"></a> 
</td></tr>  
<tr><td><font size="2" face="verdana">Senior @ $64 each
   </font></td>
   <td><a href="https://www.paypal.com/cart/add=1&amp;business=tickets%40columbiaorchestra.org&amp;item_name=Senior+Season+Ticket+Subscription&amp;amount=64.00&amp;return=http%3A//www.columbiaorchestra.org/paymentsuccess.shtml&amp;cancel_return=http%3A//www.columbiaorchestra.org/paymentcancel.shtml" target="paypal">
   <img src="/images/button-addtocart.gif" alt="Pop-up: Add to Cart" height="23" width="90" border="0"></a> 
</td></tr>  
<tr><td><font size="2" face="verdana">Student @ $40 each
   </font></td>
   <td><a href="https://www.paypal.com/cart/add=1&amp;business=tickets%40columbiaorchestra.org&amp;item_name=Student+Season+Ticket+Subscription&amp;amount=40.00&amp;return=http%3A//www.columbiaorchestra.org/paymentsuccess.shtml&amp;cancel_return=http%3A//www.columbiaorchestra.org/paymentcancel.shtml" target="paypal">
   <img src="/images/button-addtocart.gif" alt="Pop-up: Add to Cart" height="23" width="90" border="0"></a> 
</td></tr>  



<tr><td rowspan="4"><font size="2" face="verdana">
  Tickets to<br><b>Classical Concert 1</b>
<br>at Jim Rouse Theatre<br>Saturday, October 16, 2010
  </font></td>
  <td><font size="2" face="verdana">Adult @ $20 each
  </font></td> 
  <td><a href="https://www.paypal.com/cart/add=1&amp;business=tickets%40columbiaorchestra.org&amp;item_name=Adult+tickets+to+Classical+Concert+1+@JRT+October+16&amp;amount=20.00&amp;return=http%3A//www.columbiaorchestra.org/paymentsuccess.shtml&amp;cancel_return=http%3A//www.columbiaorchestra.org/paymentcancel.shtml" target="paypal">
   <img src="/images/button-addtocart.gif" alt="Pop-up: Add to Cart" height="23" width="90" border="0"></a> 
</td></tr>  
<tr><td><font size="2" face="verdana">Senior @ $16 each
   </font></td>
   <td><a href="https://www.paypal.com/cart/add=1&amp;business=tickets%40columbiaorchestra.org&amp;item_name=Senior+tickets+to+Classical+Concert+1+@JRT+October+16&amp;amount=16.00&amp;return=http%3A//www.columbiaorchestra.org/paymentsuccess.shtml&amp;cancel_return=http%3A//www.columbiaorchestra.org/paymentcancel.shtml" target="paypal">
   <img src="/images/button-addtocart.gif" alt="Pop-up: Add to Cart" height="23" width="90" border="0"></a> 
</td></tr>  
<tr><td><font size="2" face="verdana">Student @ $10 each
   </font></td>
   <td><a href="https://www.paypal.com/cart/add=1&amp;business=tickets%40columbiaorchestra.org&amp;item_name=Student+tickets+to+Classical+Concert+1+@JRT+October+16&amp;amount=10.00&amp;return=http%3A//www.columbiaorchestra.org/paymentsuccess.shtml&amp;cancel_return=http%3A//www.columbiaorchestra.org/paymentcancel.shtml" target="paypal">
   <img src="/images/button-addtocart.gif" alt="Pop-up: Add to Cart" height="23" width="90" border="0"></a> 
</td></tr>   
<tr><td><font size="2" face="verdana">Group Rate @ $16 each<br>You must buy at least 10
   </font></td>
   <td><a href="https://www.paypal.com/cart/add=1&amp;business=tickets%40columbiaorchestra.org&amp;item_name=Group+Rate+tickets+to+Classical+Concert+1+@JRT+October+16.+Change+QUANTITY+to+10+or+more.&amp;amount=16.00&amp;return=http%3A//www.columbiaorchestra.org/paymentsuccess.shtml&amp;cancel_return=http%3A//www.columbiaorchestra.org/paymentcancel.shtml" target="paypal">
   <img src="/images/button-addtocart.gif" alt="Pop-up: Add to Cart" height="23" width="90" border="0"></a>
</td></tr>   



<tr><td rowspan="4"><font size="2" face="verdana">
  Tickets to<br><b>Classical Concert 2</b>
<br>at Jim Rouse Theatre<br>Saturday, December 4, 2010 
  </font></td>
  <td><font size="2" face="verdana">Adult @ $20 each
  </font></td> 
  <td><a href="https://www.paypal.com/cart/add=1&amp;business=tickets%40columbiaorchestra.org&amp;item_name=Adult+tickets+to+Classical+Concert+2+@JRT+December+4&amp;amount=20.00&amp;return=http%3A//www.columbiaorchestra.org/paymentsuccess.shtml&amp;cancel_return=http%3A//www.columbiaorchestra.org/paymentcancel.shtml" target="paypal">
   <img src="/images/button-addtocart.gif" alt="Pop-up: Add to Cart" height="23" width="90" border="0"></a> 
</td></tr>  
<tr><td><font size="2" face="verdana">Senior @ $16 each
   </font></td>
   <td><a href="https://www.paypal.com/cart/add=1&amp;business=tickets%40columbiaorchestra.org&amp;item_name=Senior+tickets+to+Classical+Concert+2+@JRT+December+4&amp;amount=16.00&amp;return=http%3A//www.columbiaorchestra.org/paymentsuccess.shtml&amp;cancel_return=http%3A//www.columbiaorchestra.org/paymentcancel.shtml" target="paypal">
   <img src="/images/button-addtocart.gif" alt="Pop-up: Add to Cart" height="23" width="90" border="0"></a> 
</td></tr>  
<tr><td><font size="2" face="verdana">Student @ $10 each
   </font></td>
   <td><a href="https://www.paypal.com/cart/add=1&amp;business=tickets%40columbiaorchestra.org&amp;item_name=Student+tickets+to+Classical+Concert+2+@JRT+December+4&amp;amount=10.00&amp;return=http%3A//www.columbiaorchestra.org/paymentsuccess.shtml&amp;cancel_return=http%3A//www.columbiaorchestra.org/paymentcancel.shtml" target="paypal">
   <img src="/images/button-addtocart.gif" alt="Pop-up: Add to Cart" height="23" width="90" border="0"></a> 
   </td>
</tr>   
<tr><td><font size="2" face="verdana">Group Rate @ $16 each<br>You must buy at least 10
   </font></td>
   <td><a href="https://www.paypal.com/cart/add=1&amp;business=tickets%40columbiaorchestra.org&amp;item_name=Group+Rate+tickets+to+Classical+Concert+2+@JRT+December+4.+Change+QUANTITY+to+10+or+more.&amp;amount=16.00&amp;return=http%3A//www.columbiaorchestra.org/paymentsuccess.shtml&amp;cancel_return=http%3A//www.columbiaorchestra.org/paymentcancel.shtml" target="paypal">
   <img src="/images/button-addtocart.gif" alt="Pop-up: Add to Cart" height="23" width="90" border="0"></a>
</td></tr>   



<tr><td rowspan="2"><font size="2" face="verdana">
   Tickets to<br><b>The Young People''s Concert, 12:30</b><br>at Jim Rouse Theatre<br>Saturday, January 8, 2011<br>Please indicate how many ''free'' children<br>will be attending at the bottom of<br>the <b>Review Your Payment</b> page<br>in <b> Message to Seller</b>. 
  </font></td>
  <td><font size="2" face="verdana">Children under 12<br>are FREE
  </font></td>
  <td>&nbsp;
</td></tr>  
<tr><td><font size="2" face="verdana">All others @ $15 each
  </font></td> 
  <td><a href="https://www.paypal.com/cart/add=1&amp;business=tickets%40columbiaorchestra.org&amp;item_name=Adult+and+children+over+11+tickets+to+the+Young+Peoples+Concert+@JRT+January+8+**12:30**&amp;amount=15.00&amp;return=http%3A//www.columbiaorchestra.org/paymentsuccess.shtml&amp;cancel_return=http%3A//www.columbiaorchestra.org/paymentcancel.shtml" target="paypal">
   <img src="/images/button-addtocart.gif" alt="Pop-up: Add to Cart" height="23" width="90" border="0"></a>  
</td></tr> 
 


<tr><td rowspan="2"><font size="2" face="verdana">
   Tickets to<br><b>The Young People''s Concert, 3:00</b><br>at Jim Rouse Theatre<br>Saturday, January 8, 2011<br>Please indicate how many ''free'' children<br>will be attending at the bottom of<br>the <b>Review Your Payment</b> page<br>in <b> Message to Seller</b>. 
  </font></td>
  <td><font size="2" face="verdana">Children under 12<br>are FREE
  </font></td>
  <td>&nbsp;
</td></tr>  
<tr><td><font size="2" face="verdana">All others @ $15 each
  </font></td> 
  <td><a href="https://www.paypal.com/cart/add=1&amp;business=tickets%40columbiaorchestra.org&amp;item_name=Adult+and+children+over+11+tickets+to+the+Young+Peoples+Concert+@JRT+January+9+**3:00**&amp;amount=15.00&amp;return=http%3A//www.columbiaorchestra.org/paymentsuccess.shtml&amp;cancel_return=http%3A//www.columbiaorchestra.org/paymentcancel.shtml" target="paypal">
   <img src="/images/button-addtocart.gif" alt="Pop-up: Add to Cart" height="23" width="90" border="0"></a>  
</td></tr>  



<tr><td rowspan="4"><font size="2" face="verdana">
  Tickets to<br><b>Pops Concert</b>
<br>at Jim Rouse Theatre<br>Saturday, February 12, 2011
  </font></td>
  <td><font size="2" face="verdana">Adult @ $22 each
  </font></td> 
  <td><a href="https://www.paypal.com/cart/add=1&amp;business=tickets%40columbiaorchestra.org&amp;item_name=Adult+tickets+to+Pops+@JRT+February+12&amp;amount=22.00&amp;return=http%3A//www.columbiaorchestra.org/paymentsuccess.shtml&amp;cancel_return=http%3A//www.columbiaorchestra.org/paymentcancel.shtml" target="paypal">
   <img src="/images/button-addtocart.gif" alt="Pop-up: Add to Cart" height="23" width="90" border="0"></a> 
</td></tr>  
<tr><td><font size="2" face="verdana">Senior @ $18 each
   </font></td>
   <td><a href="https://www.paypal.com/cart/add=1&amp;business=tickets%40columbiaorchestra.org&amp;item_name=Senior+tickets+to+Pops+@JRT+February+12&amp;amount=18.00&amp;return=http%3A//www.columbiaorchestra.org/paymentsuccess.shtml&amp;cancel_return=http%3A//www.columbiaorchestra.org/paymentcancel.shtml" target="paypal">
   <img src="/images/button-addtocart.gif" alt="Pop-up: Add to Cart" height="23" width="90" border="0"></a> 
</td></tr>  
<tr><td><font size="2" face="verdana">Student @ $10 each
   </font></td>
   <td><a href="https://www.paypal.com/cart/add=1&amp;business=tickets%40columbiaorchestra.org&amp;item_name=Student+tickets+to+Pops+@JRT+February+12&amp;amount=10.00&amp;return=http%3A//www.columbiaorchestra.org/paymentsuccess.shtml&amp;cancel_return=http%3A//www.columbiaorchestra.org/paymentcancel.shtml" target="paypal">
   <img src="/images/button-addtocart.gif" alt="Pop-up: Add to Cart" height="23" width="90" border="0"></a> 
</td></tr>   
<tr><td><font size="2" face="verdana">Group Rate @ $18 each<br>You must buy at least 10
   </font></td>
   <td><a href="https://www.paypal.com/cart/add=1&amp;business=tickets%40columbiaorchestra.org&amp;item_name=Group+Rate+tickets+to+Pops+@JRT+February+12.+Change+QUANTITY+to+10+or+more.&amp;amount=18.00&amp;return=http%3A//www.columbiaorchestra.org/paymentsuccess.shtml&amp;cancel_return=http%3A//www.columbiaorchestra.org/paymentcancel.shtml" target="paypal">
   <img src="/images/button-addtocart.gif" alt="Pop-up: Add to Cart" height="23" width="90" border="0"></a>
</td></tr>   



<tr><td rowspan="4"><font size="2" face="verdana">
  Tickets to<br><b>Classical Concert 3</b>
<br>at Jim Rouse Theatre<br>Saturday, March 26, 2011 
  </font></td>
  <td><font size="2" face="verdana">Adult @ $20 each
  </font></td> 
  <td><a href="https://www.paypal.com/cart/add=1&amp;business=tickets%40columbiaorchestra.org&amp;item_name=Adult+tickets+to+Classical+Concert+3+@JRT+March+26&amp;amount=20.00&amp;return=http%3A//www.columbiaorchestra.org/paymentsuccess.shtml&amp;cancel_return=http%3A//www.columbiaorchestra.org/paymentcancel.shtml" target="paypal">
   <img src="/images/button-addtocart.gif" alt="Pop-up: Add to Cart" height="23" width="90" border="0"></a> 
</td></tr>  
<tr><td><font size="2" face="verdana">Senior @ $16 each
   </font></td>
   <td><a href="https://www.paypal.com/cart/add=1&amp;business=tickets%40columbiaorchestra.org&amp;item_name=Senior+tickets+to+Classical+Concert+3+@JRT+March+26&amp;amount=16.00&amp;return=http%3A//www.columbiaorchestra.org/paymentsuccess.shtml&amp;cancel_return=http%3A//www.columbiaorchestra.org/paymentcancel.shtml" target="paypal">
   <img src="/images/button-addtocart.gif" alt="Pop-up: Add to Cart" height="23" width="90" border="0"></a> 
</td></tr>  
<tr><td><font size="2" face="verdana">Student @ $10 each
   </font></td>
   <td><a href="https://www.paypal.com/cart/add=1&amp;business=tickets%40columbiaorchestra.org&amp;item_name=Student+tickets+to+Classical+Concert+3+@JRT+March+26&amp;amount=10.00&amp;return=http%3A//www.columbiaorchestra.org/paymentsuccess.shtml&amp;cancel_return=http%3A//www.columbiaorchestra.org/paymentcancel.shtml" target="paypal">
   <img src="/images/button-addtocart.gif" alt="Pop-up: Add to Cart" height="23" width="90" border="0"></a> 
</td></tr>   
<tr><td><font size="2" face="verdana">Group Rate @ $16 each<br>You must buy at least 10
   </font></td>
   <td><a href="https://www.paypal.com/cart/add=1&amp;business=tickets%40columbiaorchestra.org&amp;item_name=Group+Rate+tickets+to+Classical+Concert+3+@JRT+March+26.+Change+QUANTITY+to+10+or+more.&amp;amount=16.00&amp;return=http%3A//www.columbiaorchestra.org/paymentsuccess.shtml&amp;cancel_return=http%3A//www.columbiaorchestra.org/paymentcancel.shtml" target="paypal">
   <img src="/images/button-addtocart.gif" alt="Pop-up: Add to Cart" height="23" width="90" border="0"></a>
</td></tr>   



<tr><td rowspan="4"><font size="2" face="verdana">
  Tickets to<br><b>Classical Concert 4</b>
<br>at Jim Rouse Theatre<br>Saturday, June 4, 2011 
  </font></td>
  <td><font size="2" face="verdana">Adult @ $20 each
  </font></td> 
  <td><a href="https://www.paypal.com/cart/add=1&amp;business=tickets%40columbiaorchestra.org&amp;item_name=Adult+tickets+to+Classical+Concert+4+@JRT+June+4&amp;amount=20.00&amp;return=http%3A//www.columbiaorchestra.org/paymentsuccess.shtml&amp;cancel_return=http%3A//www.columbiaorchestra.org/paymentcancel.shtml" target="paypal">
   <img src="/images/button-addtocart.gif" alt="Pop-up: Add to Cart" height="23" width="90" border="0"></a> 
</td></tr>  
<tr><td><font size="2" face="verdana">Senior @ $16 each
   </font></td>
   <td><a href="https://www.paypal.com/cart/add=1&amp;business=tickets%40columbiaorchestra.org&amp;item_name=Senior+tickets+to+Classical+Concert+4+@JRT+June+4&amp;amount=16.00&amp;return=http%3A//www.columbiaorchestra.org/paymentsuccess.shtml&amp;cancel_return=http%3A//www.columbiaorchestra.org/paymentcancel.shtml" target="paypal">
   <img src="/images/button-addtocart.gif" alt="Pop-up: Add to Cart" height="23" width="90" border="0"></a> 
</td></tr>  
<tr><td><font size="2" face="verdana">Student @ $10 each
   </font></td>
   <td><a href="https://www.paypal.com/cart/add=1&amp;business=tickets%40columbiaorchestra.org&amp;item_name=Student+tickets+to+Classical+Concert+4+@JRT+June+4&amp;amount=10.00&amp;return=http%3A//www.columbiaorchestra.org/paymentsuccess.shtml&amp;cancel_return=http%3A//www.columbiaorchestra.org/paymentcancel.shtml" target="paypal">
   <img src="/images/button-addtocart.gif" alt="Pop-up: Add to Cart" height="23" width="90" border="0"></a> 
</td></tr>   
<tr><td><font size="2" face="verdana">Group Rate @ $16 each<br>You must buy at least 10
   </font></td>
   <td><a href="https://www.paypal.com/cart/add=1&amp;business=tickets%40columbiaorchestra.org&amp;item_name=Group+Rate+tickets+to+Classical+Concert+2+@JRT+June+4.+Change+QUANTITY+to+10+or+more.&amp;amount=16.00&amp;return=http%3A//www.columbiaorchestra.org/paymentsuccess.shtml&amp;cancel_return=http%3A//www.columbiaorchestra.org/paymentcancel.shtml" target="paypal">
   <img src="/images/button-addtocart.gif" alt="Pop-up: Add to Cart" height="23" width="90" border="0"></a>
</td></tr>     



<tr><td><font size="2" face="verdana">
Make a tax-deductible donation ...
</font><p>
<font size="2" face="verdana">After clicking ''Add to Cart'', change the<br>
donation ''QUANTITY'' to the number of<br>
$10 increments you would like to donate.<br>
Example: for a $250 donation,<br>
change ''QUANTITY'' to 25.<br>
Then click ''Update Cart''. 
</font></p></td><td><font size="2" face="verdana">
  $10 Increments
  <br><font color="WHITE">__________________</font><!--for formatting-->
</font></td><td width="90"><!--for formatting-->
  <a href="https://www.paypal.com/cart/add=1&amp;business=tickets%40columbiaorchestra.org&amp;item_name=Donation+-+under+quantity%2C+enter+multiple+of+%2410+%28e.g.+Qty%3D5+for+a+%2450+donation%29+and+click+on+UPDATE+CART&amp;amount=10.00" target="paypal">
<img src="/images/button-addtocart.gif" alt="Pop-up: Add to Cart" height="23" width="90" border="0"></a> 
</td></tr>  

<!-- *** 2010 raffle tickets. kept just in case can use as template in the future ***



<TR><TD ROWSPAN=8><FONT FACE=verdana SIZE=2>

  <A CLASS="boldlink" HREF="raffle.pdf" TARGET="co_link" TITLE="Pop-up: PDF"><B>Raffle Tickets: 5 tickets for $20</B></A>

<BR>Drawing Saturday, May 22, 2010 

  </TD>

  <TD><FONT FACE=verdana SIZE=2>Sports and Leisure @ 5 for $20

  </TD> 

  <TD><a href="https://www.paypal.com/cart/add=1&business=tickets%40columbiaorchestra.org&item_name=5+Tickets+Sports+and+Leisure&amount=20.00&return=http%3A//www.columbiaorchestra.org/paymentsuccess.shtml&cancel_return=http%3A//www.columbiaorchestra.org/paymentcancel.shtml" TARGET="paypal">

   <img src="/images/button-addtocart.gif" border=0 width=90 height=23 alt="Pop-up: Add to Cart"></a> 

</TD></TR>  

<TR><TD><FONT FACE=verdana SIZE=2>Pamper Yourself @ 5 for $20

   </TD>

   <TD><a href="https://www.paypal.com/cart/add=1&business=tickets%40columbiaorchestra.org&item_name=5+Tickets+Pamper+Yourself&amount=20.00&return=http%3A//www.columbiaorchestra.org/paymentsuccess.shtml&cancel_return=http%3A//www.columbiaorchestra.org/paymentcancel.shtml" TARGET="paypal">

   <img src="/images/button-addtocart.gif" border=0 width=90 height=23 alt="Pop-up: Add to Cart"></a> 

</TD></TR>  

<TR><TD><FONT FACE=verdana SIZE=2>For the Home @ 5 for $20

   </TD>

   <TD><a href="https://www.paypal.com/cart/add=1&business=tickets%40columbiaorchestra.org&item_name=5+Tickets+For+the+Home &amount=20.00&return=http%3A//www.columbiaorchestra.org/paymentsuccess.shtml&cancel_return=http%3A//www.columbiaorchestra.org/paymentcancel.shtml" TARGET="paypal">

   <img src="/images/button-addtocart.gif" border=0 width=90 height=23 alt="Pop-up: Add to Cart"></a> 

</TD></TR>   

<TR><TD><FONT FACE=verdana SIZE=2>Musician Musings @ 5 for $20

   </TD>

   <TD><a href="https://www.paypal.com/cart/add=1&business=tickets%40columbiaorchestra.org&item_name=5+Tickets+Musician+Musings&amount=20.00&return=http%3A//www.columbiaorchestra.org/paymentsuccess.shtml&cancel_return=http%3A//www.columbiaorchestra.org/paymentcancel.shtml" TARGET="paypal">

   <img src="/images/button-addtocart.gif" border=0 width=90 height=23 alt="Pop-up: Add to Cart"></a>

</TD></TR>   

<TR><TD><FONT FACE=verdana SIZE=2>A Family Affair @ 5 for $20

   </TD>

   <TD><a href="https://www.paypal.com/cart/add=1&business=tickets%40columbiaorchestra.org&item_name=5+Tickets+A+Family+Affair&amount=20.00&return=http%3A//www.columbiaorchestra.org/paymentsuccess.shtml&cancel_return=http%3A//www.columbiaorchestra.org/paymentcancel.shtml" TARGET="paypal">

   <img src="/images/button-addtocart.gif" border=0 width=90 height=23 alt="Pop-up: Add to Cart"></a>

</TD></TR>   

<TR><TD><FONT FACE=verdana SIZE=2>An Event to Remember@ 5 for $20

   </TD>

   <TD><a href="https://www.paypal.com/cart/add=1&business=tickets%40columbiaorchestra.org&item_name=5+Tickets+An+Event+to+Remember&amount=20.00&return=http%3A//www.columbiaorchestra.org/paymentsuccess.shtml&cancel_return=http%3A//www.columbiaorchestra.org/paymentcancel.shtml" TARGET="paypal">

   <img src="/images/button-addtocart.gif" border=0 width=90 height=23 alt="Pop-up: Add to Cart"></a>

</TD></TR>   

<TR><TD><FONT FACE=verdana SIZE=2>Taste of the Arts 1 @ 5 for $20

   </TD>

   <TD><a href="https://www.paypal.com/cart/add=1&business=tickets%40columbiaorchestra.org&item_name=5+Tickets+Taste+of+the+Arts+1&amount=20.00&return=http%3A//www.columbiaorchestra.org/paymentsuccess.shtml&cancel_return=http%3A//www.columbiaorchestra.org/paymentcancel.shtml" TARGET="paypal">

   <img src="/images/button-addtocart.gif" border=0 width=90 height=23 alt="Pop-up: Add to Cart"></a>

</TD></TR>   

<TR><TD><FONT FACE=verdana SIZE=2>Taste of the Arts 2 @ 5 for $20

   </TD>

   <TD><a href="https://www.paypal.com/cart/add=1&business=tickets%40columbiaorchestra.org&item_name=5+Tickets+Taste+of+the+Arts+2&amount=20.00&return=http%3A//www.columbiaorchestra.org/paymentsuccess.shtml&cancel_return=http%3A//www.columbiaorchestra.org/paymentcancel.shtml" TARGET="paypal">

   <img src="/images/button-addtocart.gif" border=0 width=90 height=23 alt="Pop-up: Add to Cart"></a>

</TD></TR>   



<TR><TD ROWSPAN=8><FONT FACE=verdana SIZE=2>

  <A CLASS="boldlink" HREF="raffle.pdf" TARGET="co_link" TITLE="Pop-up: PDF"><B>Single Raffle Tickets</B></A>

<BR>Drawing Saturday, May 22, 2010 

  </TD>

  <TD><FONT FACE=verdana SIZE=2>Sports and Leisure @ $5 each

  </TD> 

  <TD><a href="https://www.paypal.com/cart/add=1&business=tickets%40columbiaorchestra.org&item_name=Single+ticket+Sports+and+Leisure&amount=5.00&return=http%3A//www.columbiaorchestra.org/paymentsuccess.shtml&cancel_return=http%3A//www.columbiaorchestra.org/paymentcancel.shtml" TARGET="paypal">

   <img src="/images/button-addtocart.gif" border=0 width=90 height=23 alt="Pop-up: Add to Cart"></a> 

</TD></TR>  

<TR><TD><FONT FACE=verdana SIZE=2>Pamper Yourself @ $5 each

   </TD>

   <TD><a href="https://www.paypal.com/cart/add=1&business=tickets%40columbiaorchestra.org&item_name=Single+Ticket+Pamper+Yourself&amount=5.00&return=http%3A//www.columbiaorchestra.org/paymentsuccess.shtml&cancel_return=http%3A//www.columbiaorchestra.org/paymentcancel.shtml" TARGET="paypal">

   <img src="/images/button-addtocart.gif" border=0 width=90 height=23 alt="Pop-up: Add to Cart"></a> 

</TD></TR>  

<TR><TD><FONT FACE=verdana SIZE=2>For the Home @ $5 each

   </TD>

   <TD><a href="https://www.paypal.com/cart/add=1&business=tickets%40columbiaorchestra.org&item_name=Single+Ticket+For+the+Home &amount=5.00&return=http%3A//www.columbiaorchestra.org/paymentsuccess.shtml&cancel_return=http%3A//www.columbiaorchestra.org/paymentcancel.shtml" TARGET="paypal">

   <img src="/images/button-addtocart.gif" border=0 width=90 height=23 alt="Pop-up: Add to Cart"></a> 

</TD></TR>   

<TR><TD><FONT FACE=verdana SIZE=2>Musician Musings @ $5 each

   </TD>

   <TD><a href="https://www.paypal.com/cart/add=1&business=tickets%40columbiaorchestra.org&item_name=Single+Ticket+Musician+Musings&amount=5.00&return=http%3A//www.columbiaorchestra.org/paymentsuccess.shtml&cancel_return=http%3A//www.columbiaorchestra.org/paymentcancel.shtml" TARGET="paypal">

   <img src="/images/button-addtocart.gif" border=0 width=90 height=23 alt="Pop-up: Add to Cart"></a>

</TD></TR>   

<TR><TD><FONT FACE=verdana SIZE=2>A Family Affair @ $5 each

   </TD>

   <TD><a href="https://www.paypal.com/cart/add=1&business=tickets%40columbiaorchestra.org&item_name=Single+Ticket+A+Family+Affair&amount=5.00&return=http%3A//www.columbiaorchestra.org/paymentsuccess.shtml&cancel_return=http%3A//www.columbiaorchestra.org/paymentcancel.shtml" TARGET="paypal">

   <img src="/images/button-addtocart.gif" border=0 width=90 height=23 alt="Pop-up: Add to Cart"></a>

</TD></TR>   

<TR><TD><FONT FACE=verdana SIZE=2>An Event to Remember@ $5 each

   </TD>

   <TD><a href="https://www.paypal.com/cart/add=1&business=tickets%40columbiaorchestra.org&item_name=Single+Ticket+An+Event+to+Remember&amount=5.00&return=http%3A//www.columbiaorchestra.org/paymentsuccess.shtml&cancel_return=http%3A//www.columbiaorchestra.org/paymentcancel.shtml" TARGET="paypal">

   <img src="/images/button-addtocart.gif" border=0 width=90 height=23 alt="Pop-up: Add to Cart"></a>

</TD></TR>   

<TR><TD><FONT FACE=verdana SIZE=2>Taste of the Arts 1 @ $5 each

   </TD>

   <TD><a href="https://www.paypal.com/cart/add=1&business=tickets%40columbiaorchestra.org&item_name=Single+Ticket+Taste+of+the+Arts+1&amount=5.00&return=http%3A//www.columbiaorchestra.org/paymentsuccess.shtml&cancel_return=http%3A//www.columbiaorchestra.org/paymentcancel.shtml" TARGET="paypal">

   <img src="/images/button-addtocart.gif" border=0 width=90 height=23 alt="Pop-up: Add to Cart"></a>

</TD></TR>   

<TR><TD><FONT FACE=verdana SIZE=2>Taste of the Arts 2 @ $5 each

   </TD>

   <TD><a href="https://www.paypal.com/cart/add=1&business=tickets%40columbiaorchestra.org&item_name=Single+Ticket+Taste+of+the+Arts+2&amount=5.00&return=http%3A//www.columbiaorchestra.org/paymentsuccess.shtml&cancel_return=http%3A//www.columbiaorchestra.org/paymentcancel.shtml" TARGET="paypal">

   <img src="/images/button-addtocart.gif" border=0 width=90 height=23 alt="Pop-up: Add to Cart"></a>

</TD></TR>   

-->

</tbody></table>  

<p>  
</p></center></td></tr></tbody></table><a class="bodylink" name="table">  


</a></font></p><p>
',0,'',0);
INSERT INTO "django_flatpage" VALUES(16,'/partners/','Partners & Sponsors','<h2>Sponsors and Strategic Partnerships</h2>


<p>The Columbia Orchestra gratefully acknowledges the following organizations and corporations which have provided us with support in the form of grants, in-kind donations, and other services.</p>

<p>The Orchestra also has a number of strategic partnerships with organizations
to whom we supply chamber music, educational programs, and other services.
If you would like to explore the possibility of a mutually beneficial
partnership with the Orchestra, please contact our Executive Director at 410-465-8777 or by e-mail at <a href="mailto:execdir@columbiaorchestra.org">execdir@columbiaorchestra.org</a>.</p>



<a href="http://www.hocoarts.org/" target="co_link"><img src="/images/logo-HCAC.gif" title="Pop-up: Howard County Arts Council" height="100" width="78" border="0"></a> 
<a href="http://www.bwfa.com/" target="co_link"><img src="/images/logo-bwfa.gif" title="Pop-up: Baltimore-Washington Financial Advisors" height="50" hspace="5" width="167" border="0"></a>
<img src="/images/logo-RCO.gif" title="The Rouse Company Foundation Logo" height="50" hspace="5" width="270" border="0">
<a href="http://www.msac.org/" target="co_link"><img src="/images/logo-msac.gif" title="Pop-up: Maryland State Arts Council" height="50" hspace="5" width="127" border="0"></a>
<a href="http://www.target.com/" target="co_link"><img src="/images/logo-target.gif" title="Pop-up: Target" height="100" width="90" border="0"></a>  
<a href="http://arts.endow.gov" target="co_link"><img src="/images/logo-nea.gif" title="Pop-up: National Endowment for the Arts" height="50" hspace="5" width="129" border="0"></a> 
<a href="http://www.musicarts.com" target="co_link"><img src="/images/logo-MA.gif" title="Pop-up: The Music and Arts Centers" height="50" hspace="5" width="167" border="0"></a>
<a href="https://www.pnc.com/" target="co_link"><img src="/images/logo-PNC.gif" title="Pop-up: PNC" height="50" hspace="5" width="166" border="0"></a> 
<a href="http://www.gailesviolin.com/" target="co_link"><img src="/images/logo-Gailes-small.jpg" title="Pop-up: Gailes Violin Shop" height="50" hspace="5" width="148" border="0"></a> 
<a href="http://columbiafoundation.org/" target="co_link"><img src="/images/logo-col-foundation.gif" title="Pop-up: Columbia Foundation" height="50" hspace="5" width="160" border="0"></a>
<a href="http://www.hcgh.org/content/" target="co_link"><img src="/images/logo-HCGH.gif" title="Pop-up: PNC" height="75" hspace="5" width="300" align="ABSMIDDLE" border="0"></a> 


<ul>
<li><a class="bodylink" href="http://amazon.com%20" target="co_link" title="Pop-up">Amazon</a></li>
<li>Audio Visual Innovations*</li>
<li><a class="bodylink" href="http://www.bsomusic.org/" target="co_link" title="Pop-up">Baltimore Symphony Orchestra</a>*</li>
<li><a class="bodylink" href="http://www.bwfa.com/" target="co_link" title="Pop-up">Baltimore Washington Financial Advisors</a></li>
<li><a class="bodylink" href="http://www.bankofamerica.com/" target="co_link" title="Pop-up">Bank of America</a></li>
<li><a class="bodylink" href="http://home.comcast.net/%7Ecandlelightconcerts/candleInfo.html" target="co_link" title="Pop-up">Candlelight Concert Series</a>*</li>
<li><a class="bodylink" href="http://www.chesapeakeshakespeare.com/" target="co_link" title="Pop-up">The Chesapeake Shakespeare Company</a>*</li>
<li><a class="bodylink" href="http://christchurchcolumbia.org/" target="co_link" title="Pop-up">Christ Episcopal Church</a>*</li>
<li><a class="bodylink" href="http://www.clydes.com" target="co_link" title="Pop-up">Clydes of Columbia</a>*</li>
<li><a class="bodylink" href="http://www.columbiaassociation.com" target="co_link" title="Pop-up">The Columbia Association</a></li>
<li><a class="bodylink" href="http://www.columbiafestival.com" target="co_link" title="Pop-up">The Columbia Festival of the Arts*</a></li>
<li>Cosi / CR Restaurant*</li>
<li><a class="bodylink" href="http://columbiafoundation.org" target="co_link" title="Pop-up">The Columbia Foundation</a></li>
<li>Duke Energy</li>
<li><a class="bodylink" href="http://www.gailesviolin.com/" target="co_link" title="Pop-up">Gailes Violin Shop</a></li>
<li><a class="bodylink" href="http://www.gardendesignbuild.com" target="co_link" title="Pop-up">Garden Design Build Group</a>*</li>
<li><a class="bodylink" href="http://www.thegatheringplace.tv" target="co_link" title="Pop-up">The Gathering Place</a>*</li>
<li><a class="bodylink" href="http://goodsearch.com" target="co_link" title="Pop-up">GoodSearch.com</a></li>
<li><a class="bodylink" href="http://www.hocoarts.org" target="co_link" title="Pop-up">Howard County Arts Council</a></li>
<li><a class="bodylink" href="http://www.co.ho.md.us" target="co_link" title="Pop-up">Howard County Government</a></li>
<li><a class="bodylink" href="http://www.visithowardcounty.com" target="co_link" title="Pop-up">Howard County Tourism Council</a>*</li>
<li><a class="bodylink" href="http://www.ironbridgewines.com" target="co_link" title="Pop-up">Iron Bridge Wine Company</a>*</li>
<li>James Ferry Photography* </li>
<li>Leadership Howard County*</li>
<li><a class="bodylink" href="http://www.msac.org" target="co_link" title="Pop-up">Maryland State Arts Council</a>*</li>
Medieval Times*</li>
<li><a class="bodylink" href="http://www.musicarts.com" target="co_link" title="Pop-up">Music and Arts Centers, Inc.</a></li>
<li><a class="bodylink" href="http://arts.endow.gov" target="co_link" title="Pop-up">National Endowment for the Arts</a></li>
<li>National Aquarium in Baltimore*</li>
<li>Oak Tree Furniture*</li>
<li>Patricks Hair Design*</li>
<li><a class="bodylink" href="http://www.patuxent.com" target="co_link" title="Pop-up">Patuxent Publications</a>*</li>
<li><a class="bodylink" href="https://www.pnc.com/" target="co_link">PNC</a></li>
<li>Pumplin Photography*</li>
<li>REP Stage*</li>
<li>The Rouse Company Foundation </li>
<li>Square D Foundation</li>
<li><a class="bodylink" href="http://www.target.com" target="co_link" title="Pop-up">Target</a></li>
<li>Tobys Dinner Theatre*</li>
<li>Travelers Foundation</li>
<li>Treble C Music*</li>
<li>Unilever Foundation</li>
<li><a class="bodylink" href="http://www.community.ups.com/community/resources/foundation/" target="co_link" title="Pop-up">The UPS Foundation</a></li>
<li>Wal-Mart Foundation</li>
<li>Waverly Woods Golf Club*</li>
<li><a class="bodylink" href="http://www.wbal.com/" target="co_link" title="Pop-up">WBAL Radio</a>*</li>
<li><a class="bodylink" href="http://www.wbjc.com/" target="co_link" title="Pop-up">WBJC-FM</a>*</li>
<li>Wilhides Unique Flowers &amp; Gifts*</li>
</ul>

<p>* denotes in-kind contribution</p>
',0,'',0);
INSERT INTO "django_flatpage" VALUES(17,'/member_schedule/','Member Schedule','<h2>Members Schedule</h2>

    <p align="center"><strong>2010-2011 Rehearsal Schedule (as of July 25, 2010)</strong><br />
    </p>
    <p>Sun, Aug 15Auditions1:00  5:00 PMChrist Episcopal</p>
    <p>Mon, Aug 16Auditions7:00  10 PMChrist Episcopal<br />
    </p>
    <p>Mon, Aug 23Rehearsal 17:30  10 PMGathering Place</p>
    <p>Mon, Aug 30Rehearsal 27:30  10 PM Gathering Place</p>
    <p>Mon, Sept 6No Rehearsal (Labor Day)</p>
    <p>Mon, Sept 13Rehearsal 3 Sectionals7:30  10 PMGathering Place</p>
    <p>Mon, Sept 20Rehearsal 47:30  10 PM Gathering Place</p>
    <p>Mon, Sept 27Rehearsal 57:30  10 PM Gathering Place</p>
    <p>Mon, Oct 4Rehearsal 67:30  10 PMGathering Place</p>
    <p>Mon, Oct 11Rehearsal 77:30  10 PM Gathering Place</p>
    <p><strong>Fri, Oct 15Dress Rehearsal7:30  10:15 PM Jim Rouse Theatre</strong></p>
    <p><strong>Sat, Oct 16CLASSICAL CONCERT #17:30 PMJim Rouse Theatre</strong><br />
    </p>
    <p>Mon, Oct 18Rehearsal 17:30  10 PMGathering Place</p>
    <p>Mon, Oct 25Rehearsal 27:30  10 PMGathering Place</p>
    <p>Mon, Nov 1Rehearsal 3 Sectionals7:30  10 PMGathering Place</p>
    <p>Sat, Nov 6 St. Johns Baptist Rehearsal  Time TBA</p>
    <p><strong>Sun, Nov 7 St. Johns Baptist Performance 7:00 PM</strong></p>
    <p>Mon, Nov 8Rehearsal 47:30  10 PMGathering Place</p>
    <p>Mon, Nov 15Rehearsal 57:30  10 PM Gathering Place</p>
    <p><strong>Sat, Nov 20Chamber Concert7:30 PMChrist Episcopal</strong></p>
    <p>Mon, Nov 22Rehearsal 6 7:30  10 PM Gathering Place</p>
    <p>Mon, Nov 29Rehearsal 77:30  10 PM Gathering Place</p>
    <p><strong>Fri, Dec 3Dress Rehearsal7:30  10:15 PM Jim Rouse Theatre</strong></p>
    <p><strong>Sat, Dec 4</strong><strong>CLASSICAL CONCERT #27:30 PMJim Rouse Theatre</strong><br />
    </p>
    <p>Mon, Dec 6 Rehearsal 1<strong></strong>7:30  10 PM Gathering Place</p>
    <p>Mon, Dec 13Rehearsal 27:30  10 PM Gathering Place</p>
    <p>Mon, Dec 20 No Rehearsal (Winter Break)</p>
    <p>Mon, Dec 27No Rehearsal (Winter Break)</p>
    <p>Mon, Jan 3Rehearsal 37:30  10 PM Gathering Place</p>
    <p><strong>Fri, Jan 7Dress Rehearsal7:30  10:15 PMJim Rouse Theatre</strong></p>
    <p><strong>Sat, Jan 8YOUNG PEOPLES 12:30 &amp; 3:00 PMJim Rouse Theatre</strong><br />
    </p>
    <p>Mon, Jan 10Rehearsal 17:30  10 PM Gathering Place</p>
    <p>Mon, Jan 17Rehearsal 2 (MLK Day)7:30  10 PM Gathering Place</p>
    <p>Mon, Jan 24Rehearsal 37:30  10 PM Gathering Place</p>
<p><strong>Sat, Jan 29 Young Artist Competition 10:30 Christ Episcopal</strong></p>
<p><strong>Sun, Jan 30 Young Artist Competition 2:00 Christ Episcopal</strong></p>
    <p>Mon, Jan 31Rehearsal 47:30  10 PM Gathering Place</p>
    <p>Mon, Feb 7Rehearsal 57:30  10 PMGathering Place</p>
    <p><strong>Fri, Feb 11Dress Rehearsal 7:30  10 PM Jim Rouse Theatre</strong></p>
    <p><strong>Sat, Feb 12POPS CONCERT7:30 PMJim Rouse Theatre</strong><br />
    </p>
    <p>Mon, Feb 14Rehearsal 17:30  10 PMGathering Place</p>
    <p>Mon, Feb 21Rehearsal 27:30  10 PM Gathering Place</p>
    <p>Mon, Feb 28Rehearsal 3<strong></strong>Sectionals7:30  10 PM Gathering Place</p>
    <p>Mon, Mar 7Rehearsal 47:30  10 PM Gathering Place</p>
    <p>Mon Mar 14Rehearsal 57:30  10 PM Gathering Place</p>
    <p>Thu, Mar 17Extra Rehearsal 67:30  10 PM Gathering Place</p>
    <p>Mon Mar 21Rehearsal 77:30  10 PM Gathering Place</p>
    <p><strong>Fri, Mar 25 Dress Rehearsal7:30  10:15 PM Jim Rouse Theatre</strong></p>
    <p><strong>Sat, Mar 26CLASSICAL CONCERT #37:30 PMJim Rouse Theatre</strong><br />
    </p>
    <p>Mon, Mar 28No Rehearsal</p>
    <p><strong>Sat, Apr 2Chamber Concert7:30Christ Episcopal</strong></p>
    <p>Mon, Apr 4Rehearsal 17:30  10 PM Gathering Place</p>
    <p>Mon, Apr 11Rehearsal 27:30  10 PM Gathering Place</p>
    <p>Mon, Apr 18No Rehearsal (Spring Break)</p>
    <p>Mon, Apr 25Rehearsal 3<strong>Sectionals</strong>7:30  10 PM Gathering Place</p>
    <p>Mon, May 2Rehearsal 47:30  10 PM Gathering Place</p>
    <p>Mon, May 9Rehearsal 5 (split reh)7:30  10 PM Gathering Place</p>
    <p>Sat, May 14Woodwind, Brass &amp;Percussion12:30-4:30 PMMcDaniel Big Baker</p>
    <p><strong>Sun, May 15</strong>Woodwind, Brass &amp;Percussion<strong>7:00 PM CONCERT</strong>McDaniel Big Baker</p>
    <p>Mon, May 16Rehearsal 67:30  10 PM Gathering Place</p>
    <p><strong>Sat, May 21Chamber Concert7:30Christ Episcopal</strong></p>
    <p>Mon, May 23Rehearsal 77:30  10 PM Gathering Place</p>
    <p>Mon, May 30No Rehearsal (Memorial Day)</p>
    <p>Thu, Jun 2Extra Rehearsal 8 w/Chorus7:30  10:15 PM Jim Rouse Theatre</p>
    <p><strong>Fri, Jun 3Dress Rehearsal</strong>w/Chorus<strong>7:30  10:15 PM Jim Rouse Theatre</strong></p>
    <p><strong>Sat, Jun 4CLASSICAL CONCERT #47:30 PMJim Rouse Theatre</strong></p>',0,'',0);
INSERT INTO "django_flatpage" VALUES(18,'/stuff_from_jason/','Stuff From Jason','<h2>Stuff from Jason</h2>

<p>Here''s the <a class="bodylink" href="/uploads/2010/CO_Reh_Sched_Oct_2010.doc" target="co_link" title="Pop-up">Rehearsal Schedule form in Word format</a> for this concert.</p>

<p>Here is the <a class="bodylink" href="/uploads/2010/CO_Member_Handbook_(072510).pdf" target="co_link" title="Pop-up">2010 Orchestra Member Handbook in PDF format</a>.</p>

<p>Here are the <em>approximate</em> <a class="bodylink" href="/uploads/2010/Debussy_Tempos.doc" target="co_link" title="Pop-up">metronome markings for Debussy</a> if you couldn''t be at the first rehearsal.</p>

<p>Here''s a <a class="bodylink" href="/uploads/2010/song_I_like.aif" target="co_link" title="Pop-up">song</a> I heard this one time. If you want to hear it, please right-click and "save as..." as the kids say these days.</p>

<p><a class="bodylink" href="/uploads/2010/LMVnI-1.pdf" target="co_link" title="Pop-up">LMVnI-1</a></p>

<p><a class="bodylink" href="/uploads/2010/LMVnI-2.pdf" target="co_link" title="Pop-up">LMVnI-2</a></p>

<p><a class="bodylink" href="/uploads/2010/LMVnI-3.pdf" target="co_link" title="Pop-up">LMVnI-3</a></p>

<p><a class="bodylink" href="/uploads/2010/LMVnII-1.pdf" target="co_link" title="Pop-up">LMVnII-1</a></p>

<p><a class="bodylink" href="/uploads/2010/LMVnII-2.pdf" target="co_link" title="Pop-up">LMVnII-2</a></p>

<p><a class="bodylink" href="/uploads/2010/LMVnII-3.pdf" target="co_link" title="Pop-up">LMVnII-3</a></p>

<p><a class="bodylink" href="/uploads/2010/LMVa-1.pdf" target="co_link" title="Pop-up">LMVa-1</a></p>

<p><a class="bodylink" href="/uploads/2010/LMVa-2.pdf" target="co_link" title="Pop-up">LMVa-2</a></p>

<p><a class="bodylink" href="/uploads/2010/LMVa-3.pdf" target="co_link" title="Pop-up">LMVa-3</a></p>

<p><a class="bodylink" href="/uploads/2010/LMVc-1.pdf" target="co_link" title="Pop-up">LMVc-1</a></p>

<p><a class="bodylink" href="/uploads/2010/LMVc-2.pdf" target="co_link" title="Pop-up">LMVc-2</a></p>

<p><a class="bodylink" href="/uploads/2010/LMVc-3.pdf" target="co_link" title="Pop-up">LMVc-3</a></p>

<p><strong>PLEASE NOTE: The double-digit pages (e.g. 10 and 11) may be out of order. Hopefully it''s all there....</strong></p>

<p><a class="bodylink" href="/uploads/2010/CCVnI-1.pdf" target="co_link" title="Pop-up">CCVnI-1</a></p>

<p><a class="bodylink" href="/uploads/2010/CCVnI-2and3.pdf" target="co_link" title="Pop-up">CCVnI-2and3</a></p>

<p><a class="bodylink" href="/uploads/2010/CCVnII-1.pdf" target="co_link" title="Pop-up">CCVnII-1</a></p>

<p><a class="bodylink" href="/uploads/2010/CCVnII-2and3.pdf" target="co_link" title="Pop-up">CCVnII-2and3</a></p>

<p><a class="bodylink" href="/uploads/2010/CCVa-1and2.pdf" target="co_link" title="Pop-up">CCVa-1and2</a></p>

<p><a class="bodylink" href="/uploads/2010/CCVa-3.pdf" target="co_link" title="Pop-up">CCVa-3</a></p>

<p><a class="bodylink" href="/uploads/2010/CCVc-1and2.pdf" target="co_link" title="Pop-up">CCVc-1and2</a></p>

<p><a class="bodylink" href="/uploads/2010/CCCb-pt1.pdf" target="co_link" title="Pop-up">CCCb-pt1</a></p>

<p><a class="bodylink" href="/uploads/2010/CCCb-pt2.pdf" target="co_link" title="Pop-up">CCCb-pt2</a></p>',0,'',0);
INSERT INTO "django_flatpage" VALUES(19,'/young_artist_competition/','Young Artist Competition','<h2>Young Artist Competition</h2>

<p>The Columbia Orchestra is pleased to announce its Young Artist Competition for 20102011. This event is open to all students of string, wind, and percussion instruments through 12th grade who currently reside, attend school, or receive music instruction in Howard County. Previous first place winners are not eligible to reenter the same division. Please help us run the best possible event by reading and following all current policies.</p>

<h3>CATEGORIES AND DIVISIONS</h3>

<p>The 20102011 Columbia Orchestra Young Artist Competition will have two divisions: </p>

<ul>
<li>JUNIORthrough 8th grade</li>
<li>SENIOR9th through 12th grade</li>
</ul>

<p>The Senior Division now has two separate categories: STRING (violin, viola, cello, and bass) and WINDS AND PERCUSSION (woodwind, brass, and percussion). The Junior Division will continue to have only one category: INSTRUMENTAL (to include all string, woodwind, brass, and percussion instruments). <strong>There is no piano category in either division.</strong> Only one application per individual is permitted; multiple applications on different instruments will not be accepted.</p>

<h3>COMPETITION SCHEDULE</h3>

<p>
<strong>Monday, December 20, 2010:</strong> Postmark deadline for entry forms<br>
<strong>Wednesday, January 12, 2011:</strong> Individual audition times will be posted on this web page<br>
<strong>Saturday, January 29, 2011, 10:30 AM to 6:00 PM:</strong> Auditions<br>
<strong>Sunday, January 30, 2011, 2:00 PM to 8:00 PM:</strong> Auditions<br>
<strong>Saturday, February 5, 2011, 10:30 AM to 6:00 PM:</strong> Auditions Snow Date<br>
<strong>Sunday, February 6, 2011, 2:00 PM to 8:00 PM:</strong> Auditions Snow Date<br>
<strong>Saturday, March 26, 2011, 7:30 PM:</strong> Columbia Orchestra concert featuring winners
</p>

<h3>AUDITION PROCESS</h3>

<p>All entrants will be scheduled to audition on Saturday, January 29, and/or Sunday, January 30, 2011, at Christ Episcopal Church, 6800 Oakland Mills Road, Columbia, MD 21045. Snow dates are Saturday, February 5, and Sunday, February 6, 2011. A tuned grand piano will be provided for accompanists. Large percussion equipment may be provided on request; please note requested instruments on your application form for a determination in advance.</p>

<p>Three professional judges from outside Howard County will select a Junior Division Instrumental winner, a Senior Division String winner, and a Senior Division Wind/Percussion winner. Judges may elect not to choose a winner in any or all categories.</p>

<p>Audition judges will write critiques, name Winners and Alternates, and award Honorable Mentions. Winners of the competition will be selected on January 29 and 30, 2011, and will perform with the Columbia Orchestra on Saturday, March 26, 2011, in the Jim Rouse Theatre. Winners will be announced at the completion of auditions, and certificates of participation will be mailed to each participant. The decision of the judges is final and not subject to protest. All participants will receive two complimentary tickets to the Columbia Orchestra concert featuring the winners. The winners will each receive a nominal cash prize from the Shirley Mullinix Scholarship Fund, a complimentary portrait package valued at $300 from <a class="bodylink" href="http://www.jamesferry.com/" target="co_link" title="Pop-up">James Ferry Photography</a>, and a $100 gift certificate from <a class="bodylink" href="http://gailesviolin.com/" target="co_link" title="Pop-up">Gailes Violin Shop</a>.</p>

<h3>COMMUNICATION</h3>

<p>The teacher/parent assumes responsibility for communicating all information concerning the competition to his/her student/child, and will ensure that entry forms are accurately and completely filled out and mailed by the postmarked deadline. <strong>Entry forms must be postmarked by Monday, December 20, 2010. Late and/or incomplete entries will not be accepted. Please check this web page after January 12, 2011, for individual audition times. Teachers/parents must supply copies of all information received to their students/children and accompanists.</strong></p>

<h3>REPERTOIRE REQUIREMENTS</h3>

<p>Entrants total performance may include one movement of any standard concerto, a single-movement work, or one, two, or three movements of not more than fifteen (15) minutes total performance from a suite, divertimento, or concertino. There is no required repertoire list; teachers should provide guidance in selecting level-appropriate literature for the student.</p>

<p>An original, published copy of the music must be presented to the judges at the competition. Memorization is optional. Any questions concerning repertoire should be directed to Jason Love, Music Director, at 410-465-8777.</p>

<p>A teacher may enter a maximum of three students playing the same movement of the same concerto. No changes in repertoire will be allowed after the application is submitted. Entry forms <strong>cannot</strong> be resubmitted with replacement repertoire.</p>

<p><strong>All repertoire is accepted subject to the availability of orchestra accompaniment parts. Teachers/parents must check the availability of orchestra parts for all repertoire and indicate this on the entry form.</strong> (This information is available through most music stores.) Some accompaniments are only available through foreign publishers or on rental, and may cost $500 or more. <strong>The Columbia Orchestra shall not incur any cost above $200 to acquire the orchestral accompaniment. Should the applicant choose to perform repertoire that exceeds this limit, he/she shall be responsible for any additional expenses incurred.</strong> Parents and teachers must acknowledge their understanding and acceptance of this policy on the registration form.</p>

<p><strong>Photocopied music will not be accepted and will result in automatic disqualification.</strong> The original, published music that students submit for the judges is in addition to the published music used by the student and/or accompanist.</p>
 
<h3>ACCOMPANISTS</h3>

<p>Each contestant will be responsible for providing his/her own accompanist for the auditions. <strong>Teachers and parents may accompany their own child/student.</strong></p>

<p>When possible, accompanists with more than one contestant will be scheduled as close as possible within the same division. <strong>If an accompanists name is not on the entry form, adjacent performances cannot be scheduled.</strong></p>

<p>Teachers/parents are responsible for notifying accompanists of the audition schedule posted on the Columbia Orchestra website at www.columbiaorchestra.org/youngartists.shtml. <strong>Accompanists requests to alter the published schedule will not be honored.</strong></p>

<h3>VIDEOTAPING</h3>

<p>During the auditions, a parent/teacher may only videotape his/her child/student. Videotaping of other contestants is not permitted. Parents may videotape the Columbia Orchestra concert featuring the competition winners from a specified location in the performance venue. Anyone videotaping at the auditions or concert must abide by Columbia Orchestra policies and not interfere with the auditions or presentation of the concert. The concert will also be professionally recorded (audio only), with a compact disc copy provided to the winners.</p>

<h3>APPLICATION PROCESS</h3>

<p><strong>A separate copy of the enclosed entry form must be completed for each applicant and must be signed by the student, parent/guardian, and teacher.</strong> Incomplete entry forms will not be accepted.</p>

<p>An entry fee of $45.00 must be included for each application. Checks or money orders must be made payable to The Columbia Orchestra, and may be submitted by either parents or teachers. (This fee does not include the services of an accompanist.)</p>

<p><strong>The entry form and application fee must be postmarked by Monday, December 20, 2010.</strong> The Columbia Orchestra Young Artist Competition offers a unique opportunity for students. In order to produce this event, the cooperation and compliance with all stated policies is required by the students, parents, and teachers.</p>

<h3>CONTACT INFORMATION</h3>

<p>Please direct all inquiries and mail all entries to the following:</p>

<p>Annette Szawan, Chairperson<br>
Columbia Orchestra Young Artist Competition<br>
8510 High Ridge Road<br>
Ellicott City, MD  21043-3308<br>
<br>
Phone: 410-465-8777, extension 4<br>
E-mail: <a href="mailto:youngartists@columbiaorchestra.org">youngartists@columbiaorchestra.org</a></p>
 
<h3>ACCOMPANISTS</h3>

<p>The following names are provided as a courtesy and do not represent a recommendation or endorsement by the Columbia Orchestra.</p>

<ul>
<li>Deborah Allen: 410-381-0133</li>
<li>Dan Hoffner: 410-465-0104</li>
<li>David Holmes:410-730-7083</li>
<li>Li-Tan Hsu: 443-415-2077</li>
<li>Lois Hunter: 410-461-4094</li>
<li>Lum Fun Lee: 410-461-6207, 443-420-1054 (w)</li>
<li>Sue Pumplin: 410-730-6306</li>
<li>Susan Ricker: 410-744-1184</li>
<li>Celeste Rusconi: 410-531-9445</li>
<li>Phyllis Stanley: 410-992-9373</li>
<li>Kathy Vadala: 301-422-0362</li>
</ul>

<p><strong>Please download an Application Form in PDF format <a class="bodylink" href="/uploads/2010/YAComp2011/Young_Artist_Form_10-11.pdf" target="co_link" title="Pop-up">here</a>.</strong></p>

<p><strong>You can also download a <a class="bodylink" href="/uploads/2010/YAComp2011/Young_Artist_Info_10-11.pdf" target="co_link" title="Pop-up">printer-friendly version</a> of the information on this web page.</strong></p>

<p><strong>Read about last year''s competition <a class="bodylink" href="/young_artist_comp_2010/" target="co_link" title="Pop-up">here</a>.</strong></p> 
',0,'',0);
INSERT INTO "django_flatpage" VALUES(20,'/press_room/','Press Room','<h2>Press Room</h2>

<p><strong>Aug 19, 2010:</strong> For our programming at a glance, download the <a class="bodylink" href="/uploads/2010/CO_Season_Overview_2010-11.pdf" target="co_link" title="Pop-up">2010-2011 Season Overview in PDF format.</a></p>',0,'',0);
INSERT INTO "django_flatpage" VALUES(21,'/employment/','Employment','<h2>Employment Opportunities</h2>

<h3>ADMINISTRATIVE ASSISTANT VACANCY</h3>

<p><strong>The Columbia Orchestra is seeking a part-time (up to 10 hours per week) Administrative Assistant.</strong> Hours are flexible, but include some business-day tasks and occasional evenings. Availability for all weekend concert dates is required (please see <a href="/season/">our concert schedule</a>). Must be able to provide own transportation to fulfill designated responsibilities throughout Howard County. The Administrative Assistant reports to the Executive Director.</p>

<p><strong>SPECIFIC DUTIES include, but are not limited to, the following:</strong></p>

<ul>

<li>
<strong>Coordinate voicemail messaging,</strong> including setting up voicemail message system, updating announcements, checking voicemail daily, and relaying messages via E-mail to all concerned parties. Telephone individuals whose immediate action is required.
</li>

<li>
<strong>Prepare and process all bulk mailings,</strong> including press releases, season brochures, concert announcements, donor campaigns, etc.
</li>

<li>
<strong>Distribute flyers and tickets</strong> to ticket outlets, senior centers, and other established business locations.
</li>

<li>
<strong>Process and respond to all ticket requests,</strong> including subscription campaign, mail-in and online orders, and will-call requests.
</li>

<li>
<strong>Manage databases</strong> of mailing lists, ticket purchasers, donors, and members.
</li>

<li>
<strong>Coordinate volunteers</strong> for office assistance, ushering, and concession sales.
</li>

<li>
<strong>Manage Box Office</strong> for all concert performances, including onsite sale of tickets, reconciliation and reporting of concert receipts, and inventory of concessions and merchandise.
</li>

</ul>

<p><strong>SKILLS AND PREREQUISITES:</strong></p>

<ul>

<li>
<strong>Self-motivation and ability to work without supervision.</strong>
</li>

<li>
<strong>Strong interpersonal and communication skills.</strong>
</li>

<li>
<strong>Musical experience is helpful,</strong> but not required.
</li>

<li>
<strong>Working knowledge of all Microsoft Office applications.</strong> Familiarity with FileMaker Pro and Adobe Creative Suite (InDesign, Photoshop, Acrobat) or page layout programs a plus.
</li>

<li>
<strong>Knowledge of Howard County, especially Columbia and Ellicott City,</strong> considered helpful.
</li>

<li>
<strong>Additional experience with bookkeeping (Peachtree) and/or development not required,</strong> but may result in additional hours and higher compensation.
</li>

</ul>

<p><strong>FOR FURTHER INFORMATION, please contact:</strong></p>

<p>Tedd Griepentrog, Executive Director<br/>
Columbia Orchestra<br/>
Howard County Center for the Arts<br/>
8510 High Ridge Road<br/>
Ellicott City, MD 21043<br/>
Phone: 410-465-8777<br/>
Fax: 410-465-8778<br/>
<a href="mailto:execdir@columbiaorchestra.org">execdir@columbiaorchestra.org</a></p>

<p><strong>You can also download a <a class="bodylink" href="/uploads/2010/CO_Admin_Assistant_Vacancy_2010.pdf" target="co_link" title="Pop-up">printer-friendly copy</a> of this posting in PDF format.</strong></p>',0,'',0);
INSERT INTO "django_flatpage" VALUES(22,'/young_artist_comp_2010/','Young Artist Competition 2010','<h2>Young Artist Competition 2009-2010</h2>

<p>The 2009-2010 Young Artist competition took place on January 23 &amp; 24, 2010. The players were outstanding, and we only wish that we could name more of them as winners. We are delighted to announce that the winners are:</p>

<p>
<h3>Qian Mei, violin &ndash; Junior Division</h3>
  
<img src="/images/ya-mei-10.jpg" alt="Qian Mei, violin" border="0" height="160" hspace="10" vspace="10" width="125" align="RIGHT">

<p>Qian Mei is currently an 8th grader at Burleigh Manor Middle School. Qian has been studying violin for&nbsp;five years. For the past four years, she has been studying with Dr. Sheng-Tsung Wang. Qian has been a member of the Howard County GT and Enrichment Orchestras since 4th grade. She also&nbsp;participates in the Maryland All State Junior Orchestra.</p>

<p>Qian is also actively involved&nbsp;with the Burleigh Manor Mathalon team and the school newsletter committee, and&nbsp;she played volleyball in afterschool intramurals.&nbsp;Apart from school related activities, Qian loves play badminton. Qian also enjoys reading mystery novels, watching movies, making origami, and baking.</p>

<h3>Alternate:</h3>
<ul>
<li>Samuel Choi, violin</li>
</ul>

<h3>Honorable Mentions:</h3>

<ul>
<li>Sarah Kim, violin</li>
<li>Nathan Ko, clarinet</li>
<li>Kenneth Ryu Naito, violin</li>
<li>Joseph Aaron Michael Smith, clarinet</li>
<li>Winnie Tsao, cello</li>
</ul>

<h3>Jenny Lehtonen, flute &ndash; First Place, Senior Division, Wind Category</h3>

<img src="/images/ya-lehtonen-10.jpg" alt="Jenny Lehtonen, flute" border="0" height="160" hspace="10" vspace="10" width="125" align="RIGHT">

<p>Jenny Lehtonen is a 17-year-old junior at Oakland Mills High School in Columbia. She has played flute for seven years and currently studies with Marlee Lindon. She is a member of the Oakland Mills High School Wind Ensemble and Marching Band, and the Chapelgate Church Orchestra. </p>

<p>Jenny was the winner of the Junior Division of the 20062007 Flute Society of Washington Student Honors Competition and 2008 winner of the Greater Laurel and Columbia MTA Young Musician Competition. She has been a member of the Maryland All-State 2008 Junior Band, 2009 Senior Band, and 2010 Senior Orchestra.</p>

<h3>Alternate:</h3>
<ul>
<li>Elizabeth Kim, flute</li>
</ul>

<h3>Honorable Mentions:</h3>

<ul>
<li>Kelley Klomparens, oboe</li>
<li>Felix Lee, clarinet</li>
<li>James Zhan, clarinet</li>
</ul>



<h3>Rena Shi, violin &ndash; First Place, Senior Division, String Category</h3>

<img src="/images/ya-shi-10-1.jpg" alt="Rena Shi, violin" border="0" height="160" hspace="10" vspace="10" width="125" align="RIGHT">

<p>Rena Shi, age 16, is a junior and an honor-roll student at River Hill High School. She began playing violin when she was three, and has been studying violin since with Ms. Ning Ma. She has been a member of the Maryland All State Orchestras every year since 2006, and is the principal second violin this year. Rena is the co-concertmaster and soloist of the River Hill High School Orchestra and the assistant concertmaster of the Howard County High School GT Orchestra.  She recently won the River Hill/Marriotts Ridge High School Young Artist Competition and gave a solo performance with the River Hill/Marriotts Ridge High School Orchestra</p>

<p>A resident of Clarksville, Rena is also a competitive tennis player.  She has won many USTA junior tournaments and in 2008 was among the top eight in her age group in Maryland.  In the 2009 season, after winning all of her matches, she attained the title of Howard County Girls Single Champion and Tennis Player of the Year.</p>


<h3>Alternate:</h3>

<ul>
<li>Alan Zhang, violin</li>
</ul>


<h3>Honorable Mentions:</h3>

<ul>
<li>Evangeline Chandran, violin</li>
<li>Samantha Cody, violin</li>
<li>Julie LeDuc, violin</li>
<li>Jonathan Terry, cello</li>
</ul>


<p>The winners will perform with the orchestra at our concert on Saturday, March 27, 2010, at the Jim Rouse Theatre. All winners, alternates and honorable mentions receive two complementary tickets to the performance. Come hear the future of music in Howard County!</p>',0,'',0);
CREATE TABLE "sponsors_sponsor" (
    "id" integer NOT NULL PRIMARY KEY,
    "name" varchar(200) NOT NULL,
    "url" varchar(500),
    "slug" varchar(50) NOT NULL UNIQUE,
    "image" varchar(100),
    "num_views" integer unsigned NOT NULL
);
CREATE TABLE "soloists_soloist" (
    "id" integer NOT NULL PRIMARY KEY,
    "name" varchar(100) NOT NULL,
    "instrument" varchar(100),
    "bio" text,
    "slug" varchar(50) NOT NULL UNIQUE,
    "image" varchar(100),
    "num_views" integer unsigned NOT NULL
);
INSERT INTO "soloists_soloist" VALUES(1,'Hsiu-Hui Wang','piano','<p>Dr. Hsiu-Hui Wang has enjoyed the enthusiastic applause of audiences across the United States and her native Taiwan. After a radiant performance of Beethovens First Piano Concerto, The Baltimore Sun admired her graceful, buoyant performance, adding that there is an appealing sense of lift to her playing, which gave Beethovens passage work a balletic quality. The New Britain Herald was impressed with the ardor of her playing, remarking that "watching the dramatic expressiveness with which [she] played was also a treat to behold. . . ." At the age of 19, Dr. Wang performed from memory the monumental first book of Bach''s Well-Tempered Clavier in recitals at Hartt School of Music and University of Maryland at College Park. She has since appeared with the Emerson String Quartet and performed with the Cayuga Chamber Orchestra, Hartt Symphony Orchestra, New Britain Symphony Orchestra, and Columbia Orchestra as well as performed at the Aspen Music Festival, La Jolla SummerFest, Waterloo Music Festival, and Yellow Barn Music Festival. Dr. Wang has won numerous competitions and awards (many won while still a teenager) such as the Emerson String Quartet Competition, the Connecticut MTNA Competitions, Renee B. Fisher Young Artist Piano Competitions, and the Hartford Symphony Auxiliary''s young Artist Competition.</p>

<p>As a founding member of the Gemini Piano Trio, Dr. Wang has won top prizes in the prestigious Chamber Music Yellow Springs National Competition, Music Teachers National Association (MTNA) Chamber Music Competition, and the 1997 Baltimore Chamber Music Awards competition. The trio was praised for their amazing virtuosity by Music Monthly, as well as for their Taipei debut performance that epitomized the idiom of chamber music by The Taipei times. The San Diego Union-Tribune hailed them as mind readers, anticipating each others every move while applauding their almost uncanny musical closeness. The trio has also performed guest engagements at the Phillips Collection, Princeton University, Penn State University, University of Maryland College Park, the Johns Hopkins University, the Southern Methodist University, the Chang Jung Christian University, and Soochow University in Taiwan and was featured on National Public Radio. The American Record Guide praised the trios dbut CD featuring works by Ives and Brahms saying, There is an admirable balance between confidence, polished technique, and impulsive, romantic ardor in this performance. Their second album, featuring trios by Ravel and Shostakovich, also has been well-received by audiences around the world with great enthusiasm. The trio recently joined the roster of artists at the Arabesque Records.</p>

<p>Dr. Wang received her bachelor''s degree (summa cum laude) from the Hartt School of Music, master''s degree from the University of Southern California, and her doctoral degree in piano performance from the University of Maryland, College Park. She has studied with international artists such as Raymond Hanson, Anne Koscielny, Gabriel Chodos, Stewart Gordon, and Thomas Schumacher. Dr. Wang has also received chamber music coachings from Menahem Pressler, Cecile Licad, Cho-Liang Lin, Ida Kavafian, David Finckel, and Wu Han. Her published doctoral dissertation, Tracing the Development of the French Piano Trio has been recognized by Maurice Hinson and Wesley Robertss newest edition of The Piano in Chamber Ensemble: An Annotated Guide as well as by John H. Barons Chamber Music: A Research and Information Guide.</p>

<p>Dr. Wang has been a dedicated teacher for over twenty-five years, and her students have won first prizes in various competitions. She has also been invited to chair and adjudicate many piano competitions and festivals. She is currently a music faculty member at Goucher College and Howard Community College where she has been selected as the 2003-2004 Arts and Humanities Division Outstanding Adjunct Faculty Member and as a co-founder /director of the Gemini Piano Trio Summer Chamber Music Workshop for the past five years. She also received the Honorary Citizenship from the City of Dallas, Office of Culture Affairs for her 2005 performances with the Gemini Piano Trio at the Southern Methodist University. Dr. Wang completed a three-city concert tour in Taiwan to great acclaim with the Gemini Piano Trio, including a sold-out debut concert at the Taipei National Concert Recital Hall in January of 2008. The trio is scheduled to appear on the Weill Recital Hall Chamber Music Series at Carnegie Hall in the fall of 2010. </p>','hsiu-hui-wang','src_imgs/soloists/Hsiu-Hui_Wang.jpg',244);
INSERT INTO "soloists_soloist" VALUES(2,'Jonathan Carney','violin','<p>Jonathan Carney was appointed concertmaster of the Baltimore Symphony Orchestra in 2001 after twelve seasons in the same position with Londons Royal Philharmonic Orchestra. He also held the concertmaster post with the Basque National Orchestra in Spain. Born in New Jersey, Jonathan Carney hails from a musical family with all six members of his family having graduated from the Juilliard School in New York. After completing his studies with Ivan Galamian and Christine Dethier, he was awarded a Leverhulme Fellowship to continue his studies in London at the Royal College of Music.</p>

<p>After enjoying critically acclaimed international tours as both concertmaster and soloist with numerous ensembles, Mr. Carney was invited by Vladimir Ashkenazy to become concertmaster of the Royal Philharmonic Orchestra in 1991. He was also appointed concertmaster of the Bournemouth Symphony Orchestra in 1994.</p>

<p>Recent solo performances have included concertos by Bruch, Nielsen, and Khatchaturian, the Brahms Double Concerto and Vaughan Williams <i>The Lark Ascending</i>, which was featured as a live BBC broadcast from Londons Barbican Hall. He has made a number of recordings, including concertos by Mozart, Vivaldi, and Nielsen, sonatas by Brahms, Beethoven, and Franck, and a disc of virtuoso works by Sarasate and Kreisler.</p>

<p>Mr. Carney lives in Maryland with his wife Ruthie and their three children, Hannah, Luke, and Gracie. He is a Connolly and Co. artist, exclusively playing Vision strings by Thomastik-Infeld. His violin is a 1687 Stradivarius, the Mercur-Avery.</p>','jonathan-carney','src_imgs/soloists/s-carney.jpg',221);
INSERT INTO "soloists_soloist" VALUES(3,'Ronald Mutchnik','violin','<p>Violinist Ronald Mutchnik graduated from the University of Maryland <i>summa cum laude</i>, where he studied with Robert Gerle. While there, he won the Baltimore Music Clubs and Baltimore Musicians competitions. He earned his Masters degree from the New England Conservatory, where he studied with Joseph Gingold and Masuko Ushioda. He continued post-graduate studies at Tel Aviv University in Israel.</p>

<p>Mr. Mutchnik is active as an orchestral violinist, chamber musician, recitalist, and soloist. He has served as Concertmaster and Assistant Concertmaster with the Maryland Symphony, National Chamber Orchestra, Handel Choir and Columbia Pro Cantare Festival Orchestras, and the Baltimore Chamber Orchestra. He has appeared as a soloist with numerous orchestras in Maryland, as well as orchestras in Louisiana, Pennsylvania, South Carolina, and Minnesota. He appeared in the film <i>Washington Square</i>, performing his own composition. He was a featured soloist for the Maryland Ballet Theater and performed in Maryland and Alabama in a special recital, Music of the Jewish Soul.</p>

<p>Mr. Mutchnik has taught in several universities and colleges and currently teaches privately. He was President of the American String Teachers Associations Maryland/DC Chapter and produced a video for violinists and violists entitled Posture & Balance: The Dynamic Duo. He has toured Korea, coaching and performing chamber music. Mr. Mutchnik is a founding member of and performer with the chamber music series based in Columbia, Maryland  Sundays At Three and is Chair of its artistic committee. Most recently, he performed in the United States State Department''s concert series and also formed Howard County''s first all professional chamber orchestra, The Orchestra of St. John''s. Upcoming concerts include performances of Bloch''s <i>Three Pictures of Chasidic Life</i> with the Columbia Orchestra and the Bruch <i>Scottish Fantasy</i> with the Frederick Symphony. </p>','ronald-mutchnik','src_imgs/soloists/s-mutchnik.jpg',231);
INSERT INTO "soloists_soloist" VALUES(4,'Theresa Bickham','soprano','<p>Soprano Theresa Bickham has been praised for her fine piano nuances and expressive legato line. She made her European concert debut in 2007 singing scenes from <i>La Traviata</i> under the direction of Maestro Eduardo Mller. Most recently, Ms. Bickham has been seen on the operatic stage as Adina in <i>LElisir dAmore</i> with the Loudon Lyric Opera and Opera Camerata of Washington. In January 2009, she performed the role of the Princess in <i>A Bird in Your Ear</i> and Terenia in <i>The Beautiful Bridegroom</i> at the National Opera Association Convention in Washington, DC. Other roles include Rosalinde in <i>Die Fledermaus,</i> Musetta in <i>La Bohme,</i> Arminda in <i>La finta giardiniera,</i> Constanza Piccolatura in <i>Impresario,</i> Frasquita in <i>Carmen,</i> Monica in <i>The Medium,</i> and Bessie in <i>Mahagonny Songspiel.</i>  No stranger to the musical theatre stage, Ms. Bickham has also performed the roles of The Bakers Wife in <i>Into the Woods,</i> Tess in <i>Crazy for You,</i> Nancy in <i>Oliver,</i> and Mrs. Macafee in <i>Bye, Bye Birdie</i> among others.</p>

<p>A native of Maryland, Ms. Bickham has been a frequent guest artist throughout the Baltimore-Washington area.  Concert appearances include, Handels <i>Messiah,</i> Faurs <i>Requiem,</i> Vaughn Williams <i>Serenade to Music,</i> Bachs <i>Cantata 25</i> and <i>Magnificat,</i> and Vivaldis <i>Gloria</i> and <i>Magnificat.</i>  She has also been the winner of many competitions including the Metropolitan Opera National Council AuditionsMid-Atlantic Regional Finalist 2009, Palm Beach Opera 2008 Advanced Division Semi-Finalist, Shreveport Opera Singer of the Year Finalist 2008, MD/DC National Association of Teachers of Singing, Henry Sanborn Competition, Peggy Friedman-Gordon Competition, Moores Opera Center Concerto Competition, and the Gilbert and Sullivan Society of Houston.</p>

<p>Ms. Bickham earned a Master of Music degree from the Moores Opera Center at the University of Houston and a Bachelor of Music degree from Towson University. She has been on the faculty of Towson Universitys Department of Music since 2006.</p>','theresa-bickham','src_imgs/soloists/s-bickham.jpg',0);
INSERT INTO "soloists_soloist" VALUES(5,'Neil Ewachiw','baritone','<p>Baritone Neil Ewachiw earned his Doctor of Musical Arts degree in Vocal Performance from The Catholic University of America in Washington, DC. His operatic roles include Sharpless in <i>Madama Butterfly,</i> Count Almaviva in <i>Le Nozze di Figaro,</i> Angelotti in <i>Tosca,</i> Pluton in <i>Orphe aux Enfers,</i> Dr. Falke in <i>Die Fledermaus,</i> Papageno in <i>Die Zauberflte</i> and Count Monterone in <i>Rigoletto.</i>  His concert appearances have included the Vaughan Williams <i>Hodie,</i> Brahms <i>Liebeslieder Waltzer</i> and <i>Ein Deutsches Requiem,</i> Bach <i>St. Matthew Passion,</i> Mozart <i>Coronation Mass,</i> Haydn <i>Lord Nelson Mass, Handel Messiah,</i> and Saint-Sans <i>Oratorio de Nel.</i> </p>

<p>Neil is featured on the compact disc release, Come to Me: Love Songs for Chorus by American Composers by the American Repertory Singers on Arsis Audio. As a member of The United States Army Chorus, performances have included the arrival ceremony of Pope Benedict XVI at the White House, the State Dinner honoring Queen Elizabeth II, and the interments of former Presidents Ronald Reagan and Gerald R. Ford.</p>

<p>Mr. Ewachiw has appeared at concert venues including Carnegie Hall, Avery Fisher Hall, D.A.R. Constitution Hall and the John F. Kennedy Center for the Performing Arts. He also teaches sacred music at Georgetown University, where he lectures on musical traditions as diverse as Native American ceremonial chant, West African Agbekor, Javanese gamelan and the evolution of the Roman Catholic mass as both a liturgical and musical form. </p>','neil-ewachiw','src_imgs/soloists/Neil_Ewachiw.jpg',38);
INSERT INTO "soloists_soloist" VALUES(6,'Jason Shafer','clarinet','<p>Clarinetist Jason Shafer just completed his first season as a member of the New World Symphony in Miami Beach, FL.  He graduated in May 2009 from the Eastman School of Music in Rochester, NY, receiving a Bachelor of Music degree (Highest Distinction) studying with Kenneth Grant.  He has previously performed as concerto soloist with the Round Top Festival Orchestra in June 2009, the Eastman Philharmonia in 2008, the Transylvania Symphony Orchestra at the 2006 Brevard Music Center, the Greater Baltimore Youth Orchestra in 2005, and the Columbia Orchestra in 2002.  Jason has also had the pleasure of working with Mr. Steven Cohen at the Brevard Music Center and with Dr. Kyle Coughlin in his hometown of Columbia, Maryland.  In addition to the clarinet, Jason is also a pianist, and loves to accompany other musicians. </p>','jason-shafer','src_imgs/soloists/Shafer.jpg',6027);
INSERT INTO "soloists_soloist" VALUES(7,'Qing Li','violin','<p>Astonishing in her musical versatility, violinist Qing Li brings great warmth, poise, and insight to her music making. Solo performances have garnered such critical praise as,  the highest level musically David Zinman, unsurpassed technical brilliance by Hohenlohe, Germany newspaper, and "as the soloist, Qing was flawless... particularly in a stunning cadenza near the end of the first movement inthe Haydn violin concerto. Her style was impeccable..." by the Richmond Time, 2008.At the same time, she is a sought after chamber musician, having collaborated with such luminaries as Pinchas Zukerman, Eugenia Zukerman, Hilary Hahn,and Leon Fleischer. She is also admired as one of the countrys most accomplished orchestral players as the appointed Principal Second by Yuri Temirkanov.</p>

<p>Qing Li was born in Beijing China. At age four, she begin violin studies with her father Zhen-Kun Li. At age 12, Qing Li won her acceptance to the Central Conservatory. Begin her study with Wei-Jian Zhao. There she was discovered at a master class by Berl Senofsky, who enthusiastically brought her to Peabody Conservatory with a fellowship scholarship.She won fellowships in this countrys most major music festival programs including Tanglewood, Meadowmount, Aspen, Grand Tetons, and Alexander Schneiders New York String Seminar. Her teachers include Berl Senofsky,legendary Joseph Gingold, Dorothy Delay.</p>

<p>Queen Elizabeth International Music Competition (1997, semifinalist), Marbury Violin Competition (1992, 1stprize), and Young Concert Artists International Competition (1997, semifinalist), and the first Beijing International Violin Competition (1986, prize-winner) are among just some of the prestigious awards Qing Li has received.</p>

<p>Meanwhile, Ms. Li won her first of what would become many posts with the Baltimore Symphony under David Zinman, in 1993. Her first of many concerto appearances with BSO followed rapidly. Since then, Qing Li has served as Assistant Concertmaster, and won her current chair of Principal Second Violin in 2001 under Yuri Temirkanov. 2008November, Ms. Li performed the Butterfly Lovers concertoat the Kimmel Center in Philadelphia. In 2005, Hilary Hahn invited Qing Li to play the Bach double concerto in a benefit concert to a glowing press.</p>

<p>Ms. Li performs on a Nicolo Gagliano violin, was crafted in 1736, Naples.</p>','qing-li','src_imgs/soloists/QingLi.jpg',406);
INSERT INTO "soloists_soloist" VALUES(8,'Masterworks Chorale of Carroll County, Margaret Boudreaux, Director','','<p>The Masterworks Chorale of Carroll County, known formerly as the Carroll County Choral Arts Society, was founded in 1977 under the direction of conductor David Kreider. Since its founding, the group has brought the community the works of Mozart, Brahms, Haydn, Handel, and Mendelssohn, as well as contemporary composers. The group has performed in Baltimore at the Cathedral of Saint Mary Our Queen, and with the Johns Hopkins Medical Institutions Choir. It has performed with the Baltimore Symphony Orchestra and has jointly hosted several concerts in Washington, D.C. with the Georgetown University Orchestra and Choir at the National Building Museum and at Georgetown University. The Carroll Festival Chorus, which combined members of both the Masterworks Chorale and the McDaniel College Choir, was selected in July 2005 to participate in Festival 500, Sharing the Voices, held in St. Johns, Newfoundland. In 2006, members of Masterworks Chorale formed the nucleus of the choir that premiered Lorraine Whittlesey''s "Einstein''s Dreams (its about time . . .), based on the novel Einstein''s Dreams by Alan Lightman.</p>

<p>Dr. Margaret Boudreaux is the Artistic Director of the Masterworks Chorale of Carroll County and the Director of Choral Activities at McDaniel College. She has edited, arranged and performed choral music from the Renaissance and Baroque periods as well as folk-song, popular music, vocal jazz and musical theatre. She has published numerous articles and translations in the professional journals of the American Choral Directors Association, Chorus America and the International Federation of Choral Music. Currently, she has recently served as President of the Colleges and Universities division of the Maryland Music Educators Association and was the Maryland/DC Repertoire and Standards Chair for Ethnic and Multicultural Music for the American Choral Directors Association MD/DC Chapter for several years. A frequent clinician and conductor throughout the region, Dr. Boudreaux has performed with her choirs at conferences and for special presentations at the Kennedy Center, the Discovery Channel and other major Baltimore-Washington venues. In 2005, she conducted a choir at the Festival 500, Sharing the Voices International Choral Festival in St. Johns, Newfoundland. Her publishing company, Voices of Training, carries a number of scores combining a variety of voice levels and styles. Voices of Training will soon release Lorraine Whittleseys new choral work Einsteins Dreams (its about time . . .) based on the Alan Lightman novel Einsteins Dreams, which Dr. Boudreaux conducted in its 2006 premiere. She studied conducting with Helmuth Rilling and Donald Neuen. She holds degrees in music from the Universities of Arizona in Tucson, Oregon in Eugene, and Colorado in Boulder.  In May 2008 Dr. Boudreaux was awarded the Ira Zepp Excellence in Teaching Award by McDaniel College.</p>','masterworks-chorale','src_imgs/soloists/chorus.jpg',355);
INSERT INTO "soloists_soloist" VALUES(9,'Stan Gilmer','vocalist','<p>Born March 2, 1948, Stan Gilmer grew up down neck in the Ironbound section of Newark, New Jersey. Life was tough, shonuff, but Stan certainly saw and heard enough to fill a jazz and blues singer''s repertoire for life. He acquired an early ear for the great crooners and performers of the day like Roy Hamilton, Harry Belafonte and Johnny Mathis. The words were one thing, but Stans instincts were drawn to the arrangements that supported the melodies, and gave the music passion... feeling.</p>
 
<p>In 1975, Stan moved to Northern Californias Bay area and teamed with Harvey Scales as a sometimes chauffeur and developing songwriter at Super Disc Productions. While there, he composed Atlantic City: That Big-Time Town with Harvey, and later recorded it with legendary bandleader Frank Foster. Shortly thereafter, Stan signed on as a staff writer with April Blackwood Music, a subsidiary of CBS Records.</p>
 
<p>Stan returned to New Jersey in 1980 and began working on his college degrees. In the meantime, he hooked up with super-pianist Michael Renzi at Cafe Carlyle in Manhattan while Renzi was sitting in for Bobby Short with Sylvia Syms. Mike invited him out to see Mel Torme, and before the night was over, Stan was rubbing elbows with pianist George Shearing and Ron OConnell and his orchestra. As their relationship grew, Stan began compiling demos with Renzi. Along the way, Stan performed with some of New Yorks most accomplished jazzmen, including a swinging performance at Newarks Gateway Hotel with Tony Monte, Frank Wess, Jack Jennings and bandleader Tony Corbicello.</p>
 
<p>While at Essex County Community College (1980-1983) Stan worked with Professor Romolo Ferris Jazz Workshop developing his songwriting and music notation skills. Between 1983 and 1986 Stan worked regularly with local big bands, including the John Glock Orchestra, Joe Carsons big band and the Rod Ruth Orchestra. The crowning achievement of this period was a featured performance with Frank Foster and his Loud Minority, during the Billy Taylor Jazz Mobile at Grants Tomb, in Manhattan.</p>
 
<p>With his formal education concluded, Stan hooked up with the Chink Wing jazz group in Newark, working as the male vocalist alongside Ann Bailey. There was work at the famous Hit Factory, commercial jingles, and still more club gigs keeping Stan busy.</p>
 
<p>In 1995, Stan packed up his wife of 34 years (and counting), their daughter Penny and son Stan, Jr., and moved to Howard County, Maryland, where they live today. He works regularly with The Whit Williams Nows The Time big band, the Chuck Funn Orchestra and the Jimmy Wells quartet and has headlined recently with the Howard Burns Orchestra at Frederick (MD) Community College.</p>
 
<p>In 2003, Stan founded the Colonnade Of Music record label. The labels first effort is Stan Gilmer Sings Sammy, with John Mosca leading the Vanguard Orchestra, recorded at Bennett studios in Englewood, NJ. Stan and Mosca turned out the 2003 Hartford Jazz Festival, with Jim Argiro conducting, straw boss Dave Glasser and Canadian Warren Chiasson on vibraphone. Look for more from Stan and Warren in the future.</p>
 
<p>~ Excerpted from Walter Allens biographical note</p>
','stan-gilmer','src_imgs/soloists/Stan_Gilmer.jpg',485);
INSERT INTO "soloists_soloist" VALUES(10,'Colin Eaton','vocalist','<p>Colin Eaton has been lauded by The Washington Post as a commanding tenor that sings with great aplomb and by the <em>Baltimore Sun</em> as a young tenor whose name you shall not soon forget and possessing the ability to dazzle audiences with ease.</p>

<p>Mr. Eaton was most recently featured as the tenor soloist for the 38th Annual Kennedy Center <em>Messiah</em> Sing-Along.  Other oratorio solo performances include <em>Mendelssohns <em>St. Paul</em> (National Philharmonic), Orffs <em>Carmina Burana,</em> the Rossini <em>Stabat Mater,</em> the <em>Bruckner Te Deum,</em> and the Mozart <em>Requiem</em> (Oratorio Society of Charlottesville/Albemarle).  His opera credits include appearances as Mingo (Tulsa Opera), Robbins and Sportin Life in <em>Porgy and Bess,</em> Don Basilio and Don Curzio in <em>Le Nozze di Figaro,</em> Nika Magadoff in <em>The Consul,</em> and as Nemorino in <em>LElisir dAmore.</em>  He is pleased to have collaborated as a featured soloist in master classes with Martina Arroyo and Curtis Rayam at the National Opera Association convention at the Kennedy Center.</p>

<p>As a member of the world-renowned United States Army Chorus, SFC Eaton frequently performs solos before our nations highest ranking government and military officials, as well as visiting dignitaries from around the globe.  He was honored to serve as a featured soloist for the interment ceremony for President Ronald Reagan in Simi Valley, California, and to be specially selected to perform for the last five consecutive years for U.S. and Allied Forces deployed in areas of combat including Kuwait, Iraq, and Afghanistan.</p>
','colin-eaton','src_imgs/soloists/Colin_Eaton.gif',109);
INSERT INTO "soloists_soloist" VALUES(11,'Meghan McCall','vocalist','<p>Praised for her bell-like clarity and fine control and radiant full-bodied voice by <em>The Washington Post,</em> American soprano Meghan McCall is establishing herself as a fine young artist of opera today. She has been hailed for possessing a beautifully and flawlessly operatic voice in The West Highland Press. She most recently made her Carnegie Hall Stern Auditorium debut in a world premiere where she created the role of Mary Magdalene in Marcos Galvanys opera <em>Oh My Son.</p>

<p>Ms. McCalls career has taken her to stages both in the United States and Europe. She has performed the roles of Fiordiligi in <em>Cosi Fan Tutte, Lauretta in <em>Gianni Schicchi,</em> Musetta in <em>La Bohme,</em> Adina in <em>L''Elisir d''Amore,</em> Gilda in <em>Rigoletto, Gretel in <em>Hansel and Gretel,</em> Marie in <em>La Fille du Rgiment,</em> Giulietta in <em>I Capuleti e i Montecchi,</em> Donna Anna in <em>Don Giovanni,</em> Susanna in <em>Le Nozze di Figaro,</em> Princess (#1) in <em>Transformations,</em> Lucia in <em>Lucia di Lammermoor,</em> Miss Jessel in <em>The Turn of the Screw,</em> Blondchen in <em>Die Entfuhrung aus dem Serail,</em> and Norina in <em>Don Pasquale.</em></p>

<p>Miss McCall has earned her BA in Music Literature from Northeastern University and her MM from The University of Maryland Opera Studio where she worked with world-renowned bass Francois Loup. Directly after her graduation she was invited to join the Opera Lafayette Young Artist Program which specializes in 17th and 18th century French repertoire.</p>

<p>Future appearances in 2010 will include Laurette and Ernestine in two French comic operas by Bizet and Offenbach with Bel Cantanti (May 2010), and Juliette and La Bergere in Sancho Panza by Philidor with Opera Lafayette at the Kennedy Center (May 2010).</p>','meghan-mccall','src_imgs/soloists/Meghan_McCall.jpg',108);
INSERT INTO "soloists_soloist" VALUES(12,'Jonathan Bailey Holland','guest composer','<img src="/images/mtc_logo.jpg"/>

<p>Originally from Flint, MI, Holland is Associate Professor of Composition at the Berklee College of Music. He began studying composition at the Interlochen Arts Academy, and continued his composition studies with Ned Rorem at the Curtis Institute of Music, where he received a Bachelor of Music degree. He went on to receive a Ph.D. in Music from Harvard University, where his primary teachers were Bernard Rands and Mario Davidovsky. He has also studied with Andrew Imbrie, Yehudi Wyner, Robert Saxton and Robert Sirota. </p>

<p>An advocate for music education, Holland has written several works for educational concerts, and has given lectures and presentations at over 50 institutions. His works have also been performed by the Atlanta, Charlotte, Chicago Civic, Cleveland, Richmond and San Antonio Symphony Orchestras, the Florida Philharmonic, Alea III, Auros Group for New Music, Concerto Soloists of Philadelphia, Orchestra 2001, Orchestra Society of Philadelphia, and soloists Ignat Solzhenitsyn, Demarre McGill and others. Holland has worked with such conductors as Robert Spano, Roger Norrington, Neeme Jarvi, Paavo Jarvi, Michael Morgan, Leslie Dunner and Davis Zinman, among others. </p>

<p>Holland is a two-time winner of the Indianapolis Symphony''s Marian K. Glick Young Composer''s Showcase, the Charles Ives Scholarship, as well as other awards from ASCAP, the Presser Foundation, Boston Conservatory, Austin Peay State University, and Harvard University.</p>

','jonathan-bailey-holland','src_imgs/soloists/Jonathan_Bailey_Holland.jpg',3556);
INSERT INTO "soloists_soloist" VALUES(13,'Ah Hong','soprano','<p>Soprano Ah Young Hong has been praised by the <em>New York Times</em> for her lovely voice with round, soft low notes and a sugar-sweet top, and the <em>Washington Post</em> described her voice as glistening and resilient.  Her concert work has included performances with the Baltimore Symphony Orchestra, Opera Lafayette, Folger Consort, Concert Artists of Baltimore, Annapolis Opera, Bay-Atlantic Symphony, Lincoln Symphony Orchestra, Magnolia Baroque Festival, and Harmonious Blacksmith.  This is her second appearance with the Columbia Orchestra.</p>

<p>In the summer of 2005, Ms. Hong made an American premiere recording of Johann Sebastian Bachs newly discovered aria, "Alles mit Gott und nichts ohn ihn," BWV 1127, for National Public Radios <em>Performance Today</em> with harpsichordist Joseph Gascho, director of Harmonious Blacksmith.  This recording has been broadcast throughout the world.</p>

<p>In the fall of 2007, Ms. Hong made her debut with Opera Lafayette (Washington, DC) in Rebel and Francoeurs <em>Zlindor, Roi des Sylphes,</em> which included a world premiere recording released in October 2009 through Naxos.  Since then she has also performed the role of La Musique in Charpentiers <em>Les Arts Florissants</em> at the Kennedy Center.  With Opera Vivente (Baltimore), she has performed the title role in Monteverdis <em>Coronation of Poppea,</em> Morgana in Handels <em>Alcina,</em> Gilda in Verdi''s <em>Rigoletto,</em> Asteria in Handel''s <em>Tamburlaine,</em> and Minerva in Monteverdis <em>Return of Ulysses.</em></p>

<p>The <em>Baltimore Sun</em> acclaimed her a triumph as the subtly conniving Poppea. The sopranos tonal gleam filled the hall beautifully, and her phrasing was always richly detailed. Her acting, too, proved appealing.  IONARTS described her performance as Morgana having  the most persuasive singing by merging musical wit with strong acting and facial expressions, all while showcasing superbly clear text and vocal agility.  In England, she was Papagena in <em>Die Zauberflte</em> under the direction of Benjamin Luxon, Fortuna and Minerva in Monteverdis <em>Il ritorno d''Ulisse in patria</em> under the musical direction of Michael Chance and director Tim Carroll for the Snape Proms and Shakespeare''s Globe Theatre.</p>

<p>Ms. Hong received her Bachelors and Masters of Music degrees from the Peabody Conservatory of Music where she studied with Ruth Drucker and Mark Markham.  She was honored to have studied German Lieder and French mlodie with Elly Ameling and oratorio with Kurt Equiluz at the Britten-Pears Programme in England.  Ms. Hong is currently a member of the voice faculty at the Peabody Conservatory of Music of the Johns Hopkins University and Towson University.</p>','ah-hong','src_imgs/soloists/Ah_Hong.jpg',44);
INSERT INTO "soloists_soloist" VALUES(14,'Rolando Sanz','tenor','<p>Tenor Rolando Sanz is quickly gaining recognition for his sensitive and luminous portrayals of the romantic, lyric tenor repertoire. While he specializes in such standard roles as Rodolfo, Tamino, Nemorino, Alfredo, Pinkerton and the Duca di Mantua, Rolando has also debuted many opera premieres including Peter Doyle in <em>Miss Lonelyhearts,</em> for which the <em>Los Angeles Times</em> reported, Rolando Sanz, as Doyle, gave the best hint of the score''s expressive possibilities and covering Stiva in <em>Anna Karenina.</em> Most recently, he made his Carnegie Hall debut singing the role of Kostik in the world premiere of Prokofievs lost opera <em>To The Distant Seas.</em></p>

<p>In the 2008-2009 season, Rolando debuted with Palm Beach Opera as Rodolfo in <em>La Boheme</em> and Flavio in <em>Norma,</em> as well as covering Duca di Mantua in <em>Rigoletto.</em> Upcoming engagements include a debut with Baltimore Concert Opera in A Flight of Verdi, as well as debuts with Opera Costa Rica and Syracuse Opera. Mr. Sanz will also debut a world premiere song cycle by renowned composer Ezra Laderman and former U.S. Poet Laureate, Robert Pinsky.</p>

<p>The 2007-2008 season included a debut with Opera Idaho as Nemorino in <em>LElisir dAmore,</em> and a return to Opera Theatre of Saint Louis to sing Nathaniel in <em>The Tales of Hoffmann</em> under Stephen Lord as well as to cover Pinkerton in <em>Madame Butterfly.</em> He was also a finalist for the Ryan Opera Center at the Lyric Opera of Chicago.</p>

<p>Other recent engagements include Alfredo in <em>La Traviata,</em> conducted by Julius Rudel and LAumnier in <em>Dialogues des Carmlites</em> under the baton of James Conlon with the Aspen Music Festival. In 2005, Rolando was a resident artist at the Music Academy of the West under the tutelage of Marilyn Horne and Warren Jones. He also made his hometown of Washington, DC debut as Le Prince Charmant in Summer Opera Theatre Companys production of Massenets <em>Cendrillon.</em></p>

<p>Mr. Sanz has also distinguished himself as a gifted concert performer and recitalist. He recently sang his first Beethoven Ninth Symphony with the American Youth Symphony in Los Angeles and Handels <em>Messiah</em> with the New Jersey Philharmonic. Rolando was also featured as tenor soloist in Stravinskys <em>Les Noces</em> with the Yale Camerata as well as at the Aspen Music Festival under the baton of Michael Stern. He made his Yale Philharmonia debut as the winner of the Woolsey Hall Concerto Competition, performing Brittens <em>Serenade for Tenor, Horn and Strings.</em> Additional soloist engagements include the Mozart C Minor Mass and Requiem, Saint-Sans <em>Christmas Oratorio,</em> Randall Thompson''s <em>Nativity According to St. Luke,</em> Honeggers <em>Le Roi David</em> and Handel''s <em>Ode to St. Cecilia,</em> as well as the Washington, DC premiere of the Donizetti Requiem.</p>

<p>Rolando has been a prize winner in numerous international competitions including the Florida Grand Opera/Young Patronesses of the Opera Voice Competition, the Metropolitan Opera National Council Auditions, the Aspen Music Festival Vocal Concerto Competition, and the XIII International Voice Competition in Trujillo, Peru. Most recently, he won First Place at the Florida Suncoast Opera Guild Competition and was awarded the Grand Prize as well as the Conductor Award and the Audience Choice Award at the Annapolis Opera Vocal Competition. He has appeared as a resident artist with the Songfest program, collaborating with such esteemed artists as Martin Katz, Graham Johnson and composer John Harbison. Mr. Sanz also served as assistant conductor for Long Beach Operas production of <em>Die Schweigsame Frau</em> under Andreas Mitisek.</p>

<p>Rolando is a graduate of the Yale University School of Music.</p>','rolando-sanz','src_imgs/soloists/Rolando_Sanz.jpg',42);
INSERT INTO "soloists_soloist" VALUES(15,'Kinetics Dance Theatre, Priscilla Kaufhold, Artistic Director','','','kinetics-sance-theatre-priscilla-kaufholdartistic-','src_imgs/soloists/Kinetics_Peter.jpg',20);
CREATE TABLE "pieces_piece_soloist" (
    "id" integer NOT NULL PRIMARY KEY,
    "piece_id" integer NOT NULL,
    "soloist_id" integer NOT NULL REFERENCES "soloists_soloist" ("id"),
    UNIQUE ("piece_id", "soloist_id")
);
INSERT INTO "pieces_piece_soloist" VALUES(8,2,12);
INSERT INTO "pieces_piece_soloist" VALUES(9,6,7);
INSERT INTO "pieces_piece_soloist" VALUES(10,21,3);
INSERT INTO "pieces_piece_soloist" VALUES(11,15,8);
INSERT INTO "pieces_piece_soloist" VALUES(12,3,6);
INSERT INTO "pieces_piece_soloist" VALUES(13,30,1);
INSERT INTO "pieces_piece_soloist" VALUES(14,17,2);
CREATE TABLE "pieces_piece" (
    "id" integer NOT NULL PRIMARY KEY,
    "title" varchar(250) NOT NULL,
    "movement" varchar(100),
    "composer_id" integer NOT NULL
);
INSERT INTO "pieces_piece" VALUES(2,'Motor City Dance Mix','',2);
INSERT INTO "pieces_piece" VALUES(3,'Clarinet Concerto','',3);
INSERT INTO "pieces_piece" VALUES(4,'La Mer','',4);
INSERT INTO "pieces_piece" VALUES(5,'Fanfare for the Uncommon Woman','',5);
INSERT INTO "pieces_piece" VALUES(6,'Butterfly Lovers Violin Concerto','',6);
INSERT INTO "pieces_piece" VALUES(7,'The Planets','',7);
INSERT INTO "pieces_piece" VALUES(8,'Festive Overture','',8);
INSERT INTO "pieces_piece" VALUES(9,'Danzon No. 2','',9);
INSERT INTO "pieces_piece" VALUES(10,'Pavane for a Dead Princess','',10);
INSERT INTO "pieces_piece" VALUES(11,'Variations on a Theme by Haydn','',11);
INSERT INTO "pieces_piece" VALUES(12,'Threnody to the Victims of Hiroshima','',12);
INSERT INTO "pieces_piece" VALUES(14,'Batter My Heart from Doctor Atomic','',14);
INSERT INTO "pieces_piece" VALUES(15,'Music from The Creation','',15);
INSERT INTO "pieces_piece" VALUES(16,'Overture to Egmont','',16);
INSERT INTO "pieces_piece" VALUES(17,'Violin Concerto','',17);
INSERT INTO "pieces_piece" VALUES(18,'Rite of Spring','',18);
INSERT INTO "pieces_piece" VALUES(19,'Symphony No. 1, "Remembrance"','Third Movement',19);
INSERT INTO "pieces_piece" VALUES(20,'Hebrides Overture','',20);
INSERT INTO "pieces_piece" VALUES(21,'Baal Shem','',21);
INSERT INTO "pieces_piece" VALUES(22,'Pines of Rome','',22);
INSERT INTO "pieces_piece" VALUES(23,'"Malambo" from Estancia ','',23);
INSERT INTO "pieces_piece" VALUES(24,'The Noon Witch ','',24);
INSERT INTO "pieces_piece" VALUES(25,'Rush','',25);
INSERT INTO "pieces_piece" VALUES(26,'Mother Goose Suite','',10);
INSERT INTO "pieces_piece" VALUES(27,'Violin Concerto in d minor','Movement 1',26);
INSERT INTO "pieces_piece" VALUES(28,'Poem for Flute','',27);
INSERT INTO "pieces_piece" VALUES(29,'Violin Concerto','Movement 3',17);
INSERT INTO "pieces_piece" VALUES(30,'Piano Concerto No. 20','',3);
INSERT INTO "pieces_piece" VALUES(31,'Symphony No. 1','',28);
INSERT INTO "pieces_piece" VALUES(32,'Winners of the Young Artist Competition','',29);
CREATE TABLE "pieces_composer" (
    "id" integer NOT NULL PRIMARY KEY,
    "first_name" varchar(100),
    "middle_name" varchar(100),
    "last_name" varchar(100),
    "bio" text,
    "other_composer" varchar(100),
    "photo" varchar(100),
    "num_views" integer unsigned,
    "url" varchar(200)
);
INSERT INTO "pieces_composer" VALUES(2,'Jonathan','Bailey','Holland',NULL,NULL,'',NULL,'');
INSERT INTO "pieces_composer" VALUES(3,'Wolfgang','Amadeus','Mozart',NULL,'','',NULL,'');
INSERT INTO "pieces_composer" VALUES(4,'Claude','','Debussy',NULL,NULL,'',NULL,'');
INSERT INTO "pieces_composer" VALUES(5,'Joan','','Tower',NULL,NULL,'',NULL,'');
INSERT INTO "pieces_composer" VALUES(6,'','','',NULL,'Chen Gang and He Zhanhao','',NULL,'');
INSERT INTO "pieces_composer" VALUES(7,'Gustav','','Holst',NULL,'','',NULL,'');
INSERT INTO "pieces_composer" VALUES(8,'Dmitri','','Shostakovich',NULL,'','',NULL,'');
INSERT INTO "pieces_composer" VALUES(9,'Arturo','','Mrquez',NULL,'','',NULL,'');
INSERT INTO "pieces_composer" VALUES(10,'Maurice','','Ravel',NULL,'','',NULL,'');
INSERT INTO "pieces_composer" VALUES(11,'Johannes ','','Brahms',NULL,'','',NULL,'');
INSERT INTO "pieces_composer" VALUES(12,'Krzystof','','Penderecki',NULL,'','',NULL,'');
INSERT INTO "pieces_composer" VALUES(13,'','','',NULL,'Radiohead','',NULL,'');
INSERT INTO "pieces_composer" VALUES(14,'John','','Adams',NULL,'','',NULL,'');
INSERT INTO "pieces_composer" VALUES(15,'Franz','Joseph','Haydn',NULL,'','',NULL,'');
INSERT INTO "pieces_composer" VALUES(16,'Ludwig','van','Beethoven',NULL,'','',NULL,'');
INSERT INTO "pieces_composer" VALUES(17,'Pyotr','Ilyich','Tchaikovsky',NULL,'','',NULL,'');
INSERT INTO "pieces_composer" VALUES(18,'Igor','','Stravinsky',NULL,'','',NULL,'');
INSERT INTO "pieces_composer" VALUES(19,'Albert','','Hurwit',NULL,'','',NULL,'');
INSERT INTO "pieces_composer" VALUES(20,'Felix','','Mendelssohn',NULL,'','',NULL,'');
INSERT INTO "pieces_composer" VALUES(21,'Ernest','','Bloch',NULL,'','',NULL,'');
INSERT INTO "pieces_composer" VALUES(22,'Ottorino','','Respighi',NULL,'','',NULL,'');
INSERT INTO "pieces_composer" VALUES(23,'Alberto','','Ginastera',NULL,'','',NULL,'');
INSERT INTO "pieces_composer" VALUES(24,'Antonn','Leopold','Dvok',NULL,'','',NULL,'');
INSERT INTO "pieces_composer" VALUES(25,'Jonathan','','Leshnoff',NULL,'','',NULL,'');
INSERT INTO "pieces_composer" VALUES(26,'Henryk','','Wieniawski',NULL,'','',NULL,'');
INSERT INTO "pieces_composer" VALUES(27,'Charles','','Griffes',NULL,'','',NULL,'');
INSERT INTO "pieces_composer" VALUES(28,'Gustav','','Mahler',NULL,'','',NULL,'');
INSERT INTO "pieces_composer" VALUES(29,'','','','',' ','',0,'');
CREATE TABLE "events_season" (
    "id" integer NOT NULL PRIMARY KEY,
    "name" varchar(100) NOT NULL UNIQUE,
    "startdate" date NOT NULL,
    "enddate" date NOT NULL,
    "description" varchar(200),
    "slug" varchar(50) NOT NULL UNIQUE
);
INSERT INTO "events_season" VALUES(1,'2009-2010 Season','2009-08-01','2010-05-22','','2009-2010_Season');
INSERT INTO "events_season" VALUES(2,'2010-2011 Season','2010-05-23','2011-06-05','','2010-2011-season');
CREATE TABLE "events_location" (
    "id" integer NOT NULL PRIMARY KEY,
    "name" varchar(100) NOT NULL,
    "address" varchar(50) NOT NULL,
    "city" varchar(60) NOT NULL,
    "state" varchar(50) NOT NULL,
    "zip" varchar(10) NOT NULL,
    "url" varchar(500) NOT NULL,
    "alt_url" varchar(200),
    "slug" varchar(50) NOT NULL UNIQUE
);
INSERT INTO "events_location" VALUES(1,'Jim Rouse Theatre','5460 Trumpeter Road','Columbia','MD','21044','http://maps.google.com/maps?f=q&source=s_q&hl=en&geocode=&q=James+Rouse+Theatre+for+the+Performing+Arts&sll=39.216852,-76.872078&sspn=0.010714,0.008787&ie=UTF8&hq=James+Rouse+Theatre+for+the+Performin','http://www.rousetheatre.org/','Rouse_Theater');
INSERT INTO "events_location" VALUES(2,'Christ Episcopal Church','6800 Oakland Mills Road','Columbia','MD','21045','http://maps.google.com/maps?f=q&source=s_q&hl=en&q=Christ+Church,&sll=39.182198,-76.826105&sspn=0.010928,0.008787&ie=UTF8&radius=0.24&split=1&rq=1&ev=zi&hq=Christ+Church,&hnear=&ll=39.182298,-76.82815','http://christchurchcolumbia.org/','christ-episcopal-church');
INSERT INTO "events_location" VALUES(3,'Howard County Center for the Arts','8510 High Ridge Road','Ellicott City','MD','21043','http://bit.ly/9oLBX7','http://www.hocoarts.org/contact_us.php','howard-county-center-arts');
CREATE TABLE "events_event_pieces" (
    "id" integer NOT NULL PRIMARY KEY,
    "event_id" integer NOT NULL,
    "piece_id" integer NOT NULL REFERENCES "pieces_piece" ("id"),
    "sort_value" integer NOT NULL
);
INSERT INTO "events_event_pieces" VALUES(7,12,5,6);
INSERT INTO "events_event_pieces" VALUES(8,12,6,7);
INSERT INTO "events_event_pieces" VALUES(9,12,7,8);
INSERT INTO "events_event_pieces" VALUES(10,13,8,9);
INSERT INTO "events_event_pieces" VALUES(11,13,9,10);
INSERT INTO "events_event_pieces" VALUES(12,13,10,11);
INSERT INTO "events_event_pieces" VALUES(13,13,11,12);
INSERT INTO "events_event_pieces" VALUES(14,13,32,13);
INSERT INTO "events_event_pieces" VALUES(15,4,16,14);
INSERT INTO "events_event_pieces" VALUES(16,4,17,15);
INSERT INTO "events_event_pieces" VALUES(17,4,18,16);
INSERT INTO "events_event_pieces" VALUES(18,6,19,17);
INSERT INTO "events_event_pieces" VALUES(19,6,20,18);
INSERT INTO "events_event_pieces" VALUES(20,6,21,19);
INSERT INTO "events_event_pieces" VALUES(21,6,22,20);
INSERT INTO "events_event_pieces" VALUES(22,8,23,21);
INSERT INTO "events_event_pieces" VALUES(23,8,24,22);
INSERT INTO "events_event_pieces" VALUES(24,8,25,23);
INSERT INTO "events_event_pieces" VALUES(25,8,26,24);
INSERT INTO "events_event_pieces" VALUES(26,8,27,25);
INSERT INTO "events_event_pieces" VALUES(27,8,28,26);
INSERT INTO "events_event_pieces" VALUES(28,8,29,27);
INSERT INTO "events_event_pieces" VALUES(29,2,30,28);
INSERT INTO "events_event_pieces" VALUES(30,2,31,29);
INSERT INTO "events_event_pieces" VALUES(34,11,2,27);
INSERT INTO "events_event_pieces" VALUES(35,11,3,28);
INSERT INTO "events_event_pieces" VALUES(36,11,4,29);
INSERT INTO "events_event_pieces" VALUES(37,16,12,27);
INSERT INTO "events_event_pieces" VALUES(38,16,14,28);
INSERT INTO "events_event_pieces" VALUES(39,16,15,29);
INSERT INTO "events_event_pieces" VALUES(40,4,16,27);
CREATE TABLE "events_event_soloists" (
    "id" integer NOT NULL PRIMARY KEY,
    "event_id" integer NOT NULL,
    "soloist_id" integer NOT NULL REFERENCES "soloists_soloist" ("id"),
    UNIQUE ("event_id", "soloist_id")
);
INSERT INTO "events_event_soloists" VALUES(7,14,15);
INSERT INTO "events_event_soloists" VALUES(8,15,9);
INSERT INTO "events_event_soloists" VALUES(9,15,10);
INSERT INTO "events_event_soloists" VALUES(10,15,11);
INSERT INTO "events_event_soloists" VALUES(11,16,13);
INSERT INTO "events_event_soloists" VALUES(12,16,5);
INSERT INTO "events_event_soloists" VALUES(13,16,14);
CREATE TABLE "events_event" (
    "id" integer NOT NULL PRIMARY KEY,
    "name" varchar(100) NOT NULL,
    "date" datetime NOT NULL,
    "alt_time" time,
    "alt_date" datetime,
    "location_id" integer NOT NULL REFERENCES "events_location" ("id"),
    "ticket_link" varchar(200),
    "season_id" integer NOT NULL REFERENCES "events_season" ("id"),
    "description" text NOT NULL,
    "slug" varchar(50) NOT NULL UNIQUE,
    "preconcert_discussion_id" integer UNIQUE,
    "image" varchar(100),
    "num_views" integer unsigned NOT NULL,
    "status" integer NOT NULL
);
INSERT INTO "events_event" VALUES(2,'The Titans','2010-05-22 19:30:00',NULL,NULL,1,'',1,'<p>What a way to celebrate Mahlers 150th! We pull out all the stops in Mahlers most popular symphony, an emotional crown jewel in the Romantic tradition. But first, Gemini Trio pianist and Howard Community College faculty member Hsiu-Hui Wang captures both the stormy and profound moods of one of Mozarts most cherished works. </p>','titans',1,'src_imgs/events/Hsiu-Hui_Wang.jpg',5,1);
INSERT INTO "events_event" VALUES(3,'Chamber Concert','2010-05-08 19:30:00',NULL,NULL,2,'',1,'<p>Concertmaster Brenda Anna, violin, pianist Nancy Smith, and Music Director Jason Love, cello, bring you three masterworks with a decidedly ethnic flavor! Swiss composer Frank Martin brings a multicultural twist to his <em>Trio on Irish Folk Songs</em> while Zoltan Kodaly explores the traditions of his Hungarian homeland in the virtuosic <em>Duo for Violin and Cello</em>. The program closes in the great Austrian tradition with Schubert''s tuneful B-Flat Major Trio. Free admission (donations accepted).</p>','chamber-concert',NULL,'',0,2);
INSERT INTO "events_event" VALUES(4,'Jonathan Carney & The Rite of Spring','2009-10-17 19:30:00',NULL,NULL,1,'',1,'<p>Over 100 musicians take the stage as the orchestra brings you three of the most inspired pieces of music ever conceived! Beethoven was considered mad by his contemporariesTchaikovskys Concerto was deemed unplayableThe French police couldnt stop the riot at Stravinskys premiereBut today these incredible works stand among the greatest of the Classical, Romantic, and Twentieth-Century masterpieces.</p>','jonathan-carney-rite-spring',NULL,'',0,1);
INSERT INTO "events_event" VALUES(5,'Chamber Concert','2009-11-08 15:00:00',NULL,NULL,2,'',1,'<p>Join members of the orchestra for a FREE chamber program including Dvorak''s Sextet for Strings, Corelli''s Christmas Concerto, Poulenc''s Sextet for Piano and Winds and more!</p>','chamber-concert1',NULL,'',0,2);
INSERT INTO "events_event" VALUES(6,'A Time and Place','2009-12-12 20:00:00',NULL,NULL,1,'',1,'<p>From the craggy rocks of the Scottish islands in Mendelssohns overture to Respighis triumphant trumpets of ancient Rome, join us as we explore four exotic musical landscapes. Commemorate the 50th anniversary of Bloch''s death with local virtuoso Ronald Mutchnik in an exploration of Chassidic life, and then hear the premiere of Albert Hurwits winning work in the orchestras fourth American Composer Competition, inspired by his familys migration during the Jewish Diaspora and the Holocaust. Dont miss our pre-concert lecture with the composer in attendance!</p>

<p>Featuring the winner of the American Composer Competition, Albert Hurwit. </p>','time-and-place',NULL,'',0,1);
INSERT INTO "events_event" VALUES(7,'Young People''s Concert','2010-01-09 12:30:00','15:00:00',NULL,1,'',1,'<p>One of our most popular events! Narrated tales including <i>Casey at the Bat</i> teach children about the instruments of the orchestra and more. Choose either the 12:30 or 3:00 concert and try your hand at playing one of the instruments from the concert at our Musical Instrument Petting Zoo, sponsored by our friends at Music & Arts. </p>','young-peoples-concert',NULL,'',0,1);
INSERT INTO "events_event" VALUES(8,'Short Stories','2010-03-27 19:30:00',NULL,NULL,1,'',1,'<p>Definitely one for the whole family! Symphonies may be long like novels, but great music often comes in smaller packages. Each of these Argentinian, Czech, French, and American stories has a flavor all its own. Maryland composer Jonathan Leshnoff is gaining international renown, and his <i>Rush</i> will sweep you off your feet! Plus, performances by the young maestros who win our Young Artist Competition are a highlight to the season.</p>

<p>This concert sponsored in part by a generous contribution from PNC.</p>','short-stories',NULL,'',0,1);
INSERT INTO "events_event" VALUES(9,'Chamber Concert','2010-04-17 19:30:00',NULL,NULL,2,'',1,'<p>You''ll love hearing members of the orchestra up close and personal in this intimate setting! This concert includes highlights from Mendelssohn''s glorious Octet, Dvorak''s G Major Quintet, a Mozart String Quartet, and the return of the bassoon quartet! This is a free concert (donations accepted) and a wonderful way to hear our players featured in small ensembles. </p>','chamber-concert3',NULL,'',0,2);
INSERT INTO "events_event" VALUES(10,'Symphonic Pops','2010-02-27 19:30:00',NULL,NULL,1,'',1,'<p>What do you get when you bring together Broadway shows like Les Miserables and Gypsy, the songs of Simon & Garfunkel, Celtic classics including music from Lord of the Dance, and combine it with great film scores? Its an evening the whole family will not forget! Featuring Theresa Bickham, soprano, Neil Ewachiw, baritone, and members of the Teelin Irish Dance Company. </p>','symphonic-pops',NULL,'',0,1);
INSERT INTO "events_event" VALUES(11,'Land and Sea','2010-10-16 19:30:00',NULL,NULL,1,'',2,'<p>The Columbia Orchestra bursts out in full color with Debussys impressionistic masterpiece! Jason Shafer, the Orchestras 2003 Young Artist Competition winner now playing in Floridas New World Symphony, brings his virtuosity to one of Mozarts last and most beautiful concertos. Begin the journey with a young African-American composers jazzy celebration of Detroits automotive history and its world-class orchestra. </p>','land-and-sea',NULL,'src_imgs/events/MTC_logo.JPG',22,1);
INSERT INTO "events_event" VALUES(12,'Earth and Sky','2010-12-04 19:30:00',NULL,NULL,1,'',2,'<p>Over a hundred musicians take the stage for Holsts unforgettable depictions not just of the planets themselves, but the human emotions and passions represented by the gods for which they are named. First, Baltimore Symphony violinist Qing Li joins the orchestra for a ravishing, romantic score based on an ancient Chinese legend, and our marvelous brass and percussion sections shine in Joan Towers fanfare. </p>','earth-and-sky',NULL,'',0,1);
INSERT INTO "events_event" VALUES(13,'Young and Eclectic','2011-03-26 19:30:00',NULL,NULL,1,'',2,'<p>A thrilling concert for the classical connoisseur, musical novices, and kids of all ages. Were bringing together several works that dont have to be long to be inspirational! And the jaw-dropping talent of the virtuosos who win our competition will help us complete this exotic journey around the globe. </p>','young-and-eclectic',NULL,'',0,1);
INSERT INTO "events_event" VALUES(14,'Peter and the Wolf ... and Friends','2011-01-08 12:30:00','15:00:00',NULL,1,'',2,'<p>Not only is this a great introduction to the instruments of orchestra for younger students, older kids will enjoy learning more in a fun environment about how music is put together. The orchestra is joined by the marvelous performers of Kinetics Dance Theatre for Prokofievs immortal Peter and the Wolf, and kids will love a chance to try out many musical instruments at our Petting Zoo sponsored by Music & Arts held between our two concerts.</p>','peter-and-wolf-and-friends',NULL,'',0,1);
INSERT INTO "events_event" VALUES(15,'Symphonic Pops','2011-02-12 19:30:00',NULL,NULL,1,'',2,'<p>Broadways greatest hits, blockbusters from the silver screen, and a Salute to Sammy with local song-stylist Stan Gilmer highlight one of our most popular, family-friendly events.</p>','symphonic-pops-2011',NULL,'',0,1);
INSERT INTO "events_event" VALUES(16,'Creation and Destruction','2011-06-04 19:30:00',NULL,NULL,1,'',2,'<p>Our season finale takes an ecstatic look at the heights and depths of the human spirit. The Masterworks Chorale of Carroll County joins us for Haydns exploration of the numinous in highlights from his celebrated oratorio. First, great artists of our time explore how humankind balances its creative impulse against its destructive tendencies. </p>','creation-and-destruction',NULL,'',0,1);
INSERT INTO "events_event" VALUES(17,'Chamber Concert One','2010-11-20 19:30:00',NULL,NULL,2,'',2,'<p>Composers often share their most intimate thoughts through chamber music, and this FREE three-concert series is a wonderful way to hear orchestra members up close. Hear a mixture of strings, woodwinds, and brass in the lovely setting of Christ Episcopal Church.</p>','chamber-concert-one',NULL,'',0,1);
INSERT INTO "events_event" VALUES(18,'Chamber Concert Two','2011-04-02 19:30:00',NULL,NULL,2,'',2,'<p>Composers often share their most intimate thoughts through chamber music, and this FREE three-concert series is a wonderful way to hear orchestra members up close. Hear a mixture of strings, woodwinds, and brass in the lovely setting of Christ Episcopal Church.</p>','chamber-concert-two',NULL,'',0,1);
INSERT INTO "events_event" VALUES(19,'Chamber Concert Three','2011-05-21 19:30:00',NULL,NULL,2,'',2,'<p>Composers often share their most intimate thoughts through chamber music, and this FREE three-concert series is a wonderful way to hear orchestra members up close. Concertmaster <a href="/members/brenda_anna/"> Brenda Anna,</a> violin, Music Director <a href="/members/jason_love/">Jason Love,</a> cello, and Columbia Orchestra pianist <a href="/members/nancy_smith/">Nancy Smith</a> perform in the lovely setting of Christ Episcopal Church.</p>','chamber-concert-three',NULL,'',0,1);
CREATE TABLE "events_preconcertdiscussion" (
    "id" integer NOT NULL PRIMARY KEY,
    "time" time NOT NULL,
    "speaker" varchar(100) NOT NULL,
    "talk_location" varchar(200) NOT NULL,
    "sponsor" varchar(150),
    "youtube_embed_code" text
);
INSERT INTO "events_preconcertdiscussion" VALUES(1,'18:30:00','Bill Scanlan Murphy','Mini Theatre off the Rouse Theatre main lobby','BWFA','');
CREATE TABLE "roster_instrument" (
    "id" integer NOT NULL PRIMARY KEY,
    "name" varchar(120) NOT NULL
, "order" INTEGER DEFAULT '0' NOT NULL);
INSERT INTO "roster_instrument" VALUES(1,'First Violin',1);
INSERT INTO "roster_instrument" VALUES(2,'Second Violin',2);
INSERT INTO "roster_instrument" VALUES(3,'Viola',3);
INSERT INTO "roster_instrument" VALUES(4,'Cello',4);
INSERT INTO "roster_instrument" VALUES(5,'Bass',5);
INSERT INTO "roster_instrument" VALUES(7,'Oboe',9);
INSERT INTO "roster_instrument" VALUES(8,'English Horn',10);
INSERT INTO "roster_instrument" VALUES(9,'Clarinet',11);
INSERT INTO "roster_instrument" VALUES(10,'E-Flat Clarinet',12);
INSERT INTO "roster_instrument" VALUES(11,'Bass Clarinet',14);
INSERT INTO "roster_instrument" VALUES(12,'Bassoon',19);
INSERT INTO "roster_instrument" VALUES(13,'Contrabassoon',20);
INSERT INTO "roster_instrument" VALUES(14,'French Horn',21);
INSERT INTO "roster_instrument" VALUES(15,'Trumpet',22);
INSERT INTO "roster_instrument" VALUES(16,'Bass Trumpet',23);
INSERT INTO "roster_instrument" VALUES(17,'Trombone',24);
INSERT INTO "roster_instrument" VALUES(18,'Bass Trombone',25);
INSERT INTO "roster_instrument" VALUES(19,'Tuba',27);
INSERT INTO "roster_instrument" VALUES(20,'Percussion',31);
INSERT INTO "roster_instrument" VALUES(21,'Timpani',30);
INSERT INTO "roster_instrument" VALUES(22,'Piano/Keyboard',29);
INSERT INTO "roster_instrument" VALUES(23,'Alto Flute',8);
INSERT INTO "roster_instrument" VALUES(24,'Harp',28);
INSERT INTO "roster_instrument" VALUES(25,'Tenor Saxophone',17);
INSERT INTO "roster_instrument" VALUES(26,'Assistant Conductor',35);
INSERT INTO "roster_instrument" VALUES(27,'Music Director',36);
INSERT INTO "roster_instrument" VALUES(28,'Executive Director',37);
INSERT INTO "roster_instrument" VALUES(29,'Flute',6);
INSERT INTO "roster_instrument" VALUES(30,'E-Flat, Bass Clarinets',13);
INSERT INTO "roster_instrument" VALUES(31,'Piccolo',7);
INSERT INTO "roster_instrument" VALUES(32,'Soprano Saxophone',15);
INSERT INTO "roster_instrument" VALUES(33,'Alto Saxophone',16);
INSERT INTO "roster_instrument" VALUES(34,'Baritone Saxophone',18);
INSERT INTO "roster_instrument" VALUES(35,'Tenor Tuba',26);
INSERT INTO "roster_instrument" VALUES(36,'Music Librarian',32);
INSERT INTO "roster_instrument" VALUES(37,'Personnel Manager (Winds, Brass, Percussion)',33);
INSERT INTO "roster_instrument" VALUES(38,'Personnel Manager (Strings)',34);
CREATE TABLE "roster_orchestramember" (
    "id" integer NOT NULL PRIMARY KEY,
    "first_name" varchar(100) NOT NULL,
    "middle_name" varchar(100) NOT NULL,
    "last_name" varchar(100) NOT NULL,
    "instrument_id" integer NOT NULL REFERENCES "roster_instrument" ("id"),
    "principal" bool NOT NULL,
    "concertmaster" bool NOT NULL,
    "concertmistress" bool NOT NULL,
    "bio" text NOT NULL,
    "photo" varchar(100),
    "num_views" integer unsigned NOT NULL,
    "noncurrent_member" bool NOT NULL
);
INSERT INTO "roster_orchestramember" VALUES(1,'David','','Zajic',3,1,0,0,'<p>I joined the Columbia Orchestra in 1994, and became the principal 
violist in 1999.  I started playing viola in third grade, when I was 
advised that if I wanted a really special instrument, I should choose 
the viola, because orchestras always need violists.  Later I studied 
with Julia Barker, former member of the Baltimore Symphony, and Miles 
Hoffman, director of the American Chamber Players and NPR music 
commentator.  I studied composition, conducting, and computer science at 
Oberlin College.  I was the assistant conductor of the Columbia 
Orchestra from 1996 to 1999, and since 1998 I have been the music 
director and conductor of the Howard County Ballet Orchestra.  The 
Columbia Orchestra has performed two of my compositions: A Goblin''s 
Trick Overture (1996) and Chanukah Fantasia (1999).  I directed the Beth 
Tfiloh Synagogue Men''s Choir from 1998-2005.  I also run the Columbia 
Orchestra''s biennial American Composer Competition and serve on the 
board of directors.  In real life, I hold a Ph.D. in Computer Science 
from the University of Maryland, and I work as a research scientist in 
the field of Computational Linguistics at the University of Maryland 
Center for Advanced Study of Language.</p>','src_imgs/members/Zajic.jpg',878,0);
INSERT INTO "roster_orchestramember" VALUES(2,'Andrea','','Aldrich',3,0,0,0,'','',0,0);
INSERT INTO "roster_orchestramember" VALUES(3,'Edward','Jean','Welker',4,1,0,0,'<p>OOOooooOOO, I have my own biography? Who let that happen???</p>

<p>Hi, my name is listed above, as is my favorite instrument, the oboe.  Ok, that''s not exactly true, I play the cello and it is by far my favorite instrument.  No offense to Saint-Sans'' Act 3 Scene 2, I still love you oboe!  Must be something about the O''s.</p>

<p>In elementary school, the music teacher came in and demonstrated all of the string instruments to the class. I heard the cello and went home to tell my parents I wanted to play that night.  This is from a person indecisive enough to take years before deciding to play baseball as a kid.</p>

<p>I''ve got Rostropovich''s autograph stashed away somewhere, own the scores to Prokofiev 2, 4, 5, and 6, a rare English biography of Miaskovsky, and a book of Alfred Brendel''s poetry.  My parents met singing Beethoven 9, and my dad once had lunch with Messaien.  (Though my grandfather once had a steak with Ted Williams.)  I like everything about music except Lalo and Yo-Yo, so it must again be something about the O''s.  (But I still love you <a href="http://en.wikipedia.org/wiki/Ottorino_Respighi">Ottorino</a>!)</p>

<p>As Clark Kent, I am a nerd.  My day job is writing websites, specifically <a href="http://www.pubmed.gov">PubMed</a>.  In my spare time I revel in any hobby I can concoct, be that music, photography, cycling, or... other <a href="http://eddiewelker.com" rel="me">nerd things</a>.</p>

<p>Since there is literally nothing else about me... time for music shout-outs! Big props to my old quartet (Peggy, Mollie & Ariel!), my cello friends (Kacy, Kristen), my music friends [yes, IN order!] (Andrea, Ashleigh, Cameo, Celia, Enoch, Jerome, Robin [the oldest], and Val [the newest]), my orchestras, GBYO & UMD, and Jason, my sisters, and... everyone else I missed and cause trouble with!</p>','src_imgs/members/EddieWelker.jpg',1258,0);
INSERT INTO "roster_orchestramember" VALUES(4,'Brenda','','Anna',1,0,0,1,'<p>Brenda Anna, violinist, attended the Peabody Conservatory of Johns Hopkins University, where she studied with Yong Ku Ahn, Charles Libove, and David Geber of the American String Quartet. She has also studied and participated in workshops with Elisabeth Adkins and Arnold Steinhart.</p>

<p>She currently serves as concertmaster of the Columbia Orchestra and is a member of the National Philharmonic. In addition, Brenda is a busy freelance performer in the Baltimore/Washington area. A member of the Quinten String Quartet, Ms. Anna has also performed with the Dickinson Piano Quartet, the Gallery Quartet, and the Riversdale Chamber Ensemble.</p>

<p>Ms. Anna has performed as soloist with the Mid-Atlantic Symphony, the Annapolis Chamber Orchestra, the Chamber Orchestra of Southern Maryland, the Prince Georges Philharmonic, the Prince Georges Symphony, the Arundel Summer Orchestra, the Messiah College Orchestra, and the Columbia Orchestra. She teaches in her private studio, and is a member of the faculty of Princeton Chamber Music Playweek in Lexington, VA, a summer program for adult amateur chamber musicians. </p>','src_imgs/members/Brenda_Anna_8x10.jpg',1191,0);
INSERT INTO "roster_orchestramember" VALUES(5,'Sarah','','Prindiville',4,0,0,0,'','',0,0);
INSERT INTO "roster_orchestramember" VALUES(6,'Arthur','','Fleming',4,0,0,0,'<p>A graduate of Centennial High School and the University of Maryland, I have been playing cello in the Columbia Orchestra since 2002.  I have also played with the UMBC Orchestra, the St. Paul''s Summer String Orchestra, and the Howard County Ballet Orchestra.  I work for Constellation Energy (Print and Digital Media Division), and I live in Mount Washington with my girlfriend, CO violinist Casey Kraft, our dog Darby, and our cat Fiona.</p>','src_imgs/members/Arthur_Fleming.JPG',360,0);
INSERT INTO "roster_orchestramember" VALUES(7,'Jason','','Love',27,0,0,0,'<p>Praised for his "intelligent and innovative programming," Jason Love has brought his inspiring demeanor and enormous energy to several of Maryland''s great cultural institutions. Under his leadership, the <em>Baltimore Sun</em> has called The Columbia Orchestra "Howard County''s premier ensemble for instrumental music," noting that "Love has the musicians playing not only with verve and passion, but with an awareness to enter into the emotional core of the works they perform."</p>

<p>Loves twelve-year tenure as Artistic Director and Conductor of the Greater Baltimore Youth Orchestra Association was marked by continuous growth in the success and prestige of this organization. He commissioned new works, forged partnerships with other arts organizations, extended the orchestras community outreach programs and conducted highly successful tours of Austria, Japan, and Russia.</p>

<p>As a conductor and cellist, Mr. Love served for five years as Music Director for the New Horizons Chamber Ensemble, a contemporary music group based in Baltimore, MD. Under his leadership, the NHCE gave dozens of local and world premieres and became a unique resource for contemporary music in the area. Mr. Love is also active as a cellist, performing frequently in Maryland and across the United States. He recently gave the NC premiere of Tan Dun''s multi-media cello concerto, <em>The Map</em>.</p>

<p>A highly respected educator, Mr. Love also served as Conductor of the Chesapeake Youth Repertory Orchestra in <a href="/images/mullet.jpg" style="color:#000;cursor:text;text-decoration:none;">Annapolis, MD</a> for four years. In his eleven years on the faculty of the Governor''s School of North Carolina, he taught Twentieth-Century music to academically gifted high school students and lectured extensively on music and culture in our time. Not content to limit his educational endeavors to young people, he has lectured at many institutions including the Johns Hopkins University, the Baltimore Symphony and the Peabody Elderhostel program. He is a frequent panelist on the popular radio program, "Face the Music," on WBJC-FM in Baltimore, MD.</p>

<p>Recent and upcoming guest appearances find him conducting a variety of ensembles such as the Baltimore Symphony, Washington Sinfonietta (DC), Bismarck Symphony, and RUCKUS, a contemporary music ensemble at the University of Maryland, Baltimore County where he also teaches conducting. Aside from classical music he performs with singer-songwriter Angela Taylor and can be heard on singer-songwriter Sahffi''s upcoming album <em>Turning Tides</em>.</p>

<p>Born in Burlington, North Carolina, Love studied violoncello with Ronald Thomas and conducting with Frederik Prausnitz at the Peabody Conservatory. He is Past President of the Peabody Alumni Association.</p>','src_imgs/members/Jason_Love.jpg',1295,0);
INSERT INTO "roster_orchestramember" VALUES(8,'Alison','','Candela',1,0,0,0,'','',0,1);
INSERT INTO "roster_orchestramember" VALUES(9,'Mike','','Catelinet',1,0,0,0,'<p>Columbia Orchestra member since: 2004</p>

<p>
What do you do for a living?
I work as an engineer for a naval architecture firm in suburban Baltimore.</p>

<p>Where else do you play?
Besides Columbia, I regularly play with the Howard County Ballet Orchestra and the Greenspring Valley Orchestra. I have also played in the Baltimore Philharmonia Orchestra, the Chamber Orchestra of Mt. Vernon Place, the UMBC Symphony, and the Johnstown (PA) Symphony Orchestra.</p>

<p>Who else in your family is a musicians?
My older brother plays viola in the New York Repertory Orchestra and my mother is the second clarinetist of the Johnstown (PA) Symphony Orchestra. My grandfather, Philip, was a composer and the dedicatee of Ralph Vaughan-Williams'' Tuba Concerto.</p>

<p>Where did you go to school and what did you study?
Mechanical Engineering at Carnegie Mellon University</p>

<p>With whom have you studied?
I currently study with Melina Gajger of the Peabody Conservatory. My previous teacher was Stanley Chepaitis of the Indiana University of Pennsylvania.</p>

<p>Favorite Columbia Orchestra concert and why?
Sharing the stage with Mark O''Connor was unforgettable, because of the virtuosity and energy he brings to every performance.</p>

<p>What are your favorite composers or pieces?
Large-scale pieces like the tone poems of Richard Strauss and the symphonies of Nielsen and Shostakovich.</p>

<p>Whats on your iPod?
A lot of violin music, of course (who knew that Mendelssohn wrote *two* violin concerti?). Ever since reading "The Rest is Noise", I''ve been listening to more 20th-Century music, including composers like John Adams, Steve Reich, and Michael Torke. I also have a lot of progressive/"symphonic" rock left over from my college days.</p>

<p>Last book you read?
_Physics of the Impossible_, by Michio Kaku</p>

<p>Favorite TV shows?
"Good Eats", "Mythbusters", and "Ace of Cakes"</p>

<p>Other surprising facts about you?
I earned a private pilot''s license (airplane, single-engine, land) in 2002. I have also been teaching myself computer science and have contributed to several online open-source software projects.</p>','src_imgs/members/MikeCatelinet.jpg',996,0);
INSERT INTO "roster_orchestramember" VALUES(10,'Naomi','','Chang-Zajic',1,0,0,0,'<p>Naomi Chang Zajic, violin, has been a member of the Columbia Orchestra since 2001 and a member of the Board of Directors since 2004. Coming from a non-musical family, she began learning the violin at age 8 and continued learning through the public school system while growing up in Salt Lake City, Utah. Her previous teachers include John Englund, formerly of the Boston Symphony, and Jos Miguel Cueto, currently of the Concert Artists of Baltimore. Naomi holds a bachelors degree in Biological Sciences and a masters degree in Professional Writing. She is a technical writer and editor for an engineering firm in the Baltimore-Washington area.</p>','src_imgs/members/NZajic.jpg',1045,0);
INSERT INTO "roster_orchestramember" VALUES(11,'Erin','','Chester',1,0,0,0,'<p>I received a Bachelor''s of Music Education from Ithaca College School of Music in 2002.  I received a Masters of Arts degree from University of Maryland College Park in 2008.  I have been teaching instrumental music at Old Mill Middle School South in Millersville, MD since 2002.  I have been playing violin for over 20 years and enjoy playing with the orchestra.</p>','',286,1);
INSERT INTO "roster_orchestramember" VALUES(12,'Matthew','','DeBeal',1,0,0,0,'','',0,0);
INSERT INTO "roster_orchestramember" VALUES(13,'Susan','','Dudley',1,0,0,0,'<p>Columbia Orchestra Member Since: 2002 </p>

<ul>
<li>I started playing the violin in the 3rd grade thanks to my sister, fellow violinist Robin Strempek.</li>
<li>Aside from Orchestra, I am a HUGE football fan and a member of Baltimores Marching Ravens. Im on the flagline and have been a member since 2006.</li>
<li>I have a Bachelors degree from Towson University where I majored in Visual Arts. I also have a Masters in Business Administration from the University of Maryland.</li>
<li>During the day I work for the Federal Government as an I.T. Specialist. I mainly work on software validation.</li>
</ul>

<p>Fun Fact #1 = I am a certified scuba diver.</p>

<p>Fun Fact #2 = I like to travel. So far Ive been to Asia, Europe, the Caribbean and N. Africa.</p>

<p>Fun Fact #3 = I love going to rock concerts on my free time. I have been to a rock concert each month since October 2008.</p>','',477,0);
INSERT INTO "roster_orchestramember" VALUES(14,'Casey','','Kraft',1,0,0,0,'','',0,1);
INSERT INTO "roster_orchestramember" VALUES(15,'Bruce','','Kuehne',1,0,0,0,'<p>Columbia Orchestra Member Since:  1978</p>

<p>Ive always loved classical music (even at the age when normal kids were gaga over the Beatles and Rolling Stones).  I started playing the violin in the summer between third and fourth grade.  Ive played in orchestras ever since, all through junior and senior high school, college (Purdue), and since the first year of the Columbia Orchestras existence.  Being able to touch the music first-hand gives me an increased appreciation of the music, and being enveloped by the music provides a thrill that cannot be realized by simply listening through speakers or (heaven forbid) earbuds.</p>

<p>I enjoy all types of classical music, but my real joy is music of the 20th (and now 21st) Century, especially the Russians (Shostakovich, Schnittke), Americans (Corigliano, Rouse, Glass), and Scandinavians (Sibelius, Nielsen, Sallinen).  I also occasionally listen to so-called popular music (Joe Jackson, Pat Metheny, and yes, the Beatles), but I return to classical music because the complexity holds my interest.</p>

<p>My day job involves way too many hours each week doing program management at the Johns Hopkins University Applied Physics Lab.  When not working or playing/listening to music, I watch movies (Blood Simple, 12 Monkeys, Apocalypse Now, and more recently Up in the Air).  My wife (of 33 years) and I also like to hike (we just spent a long weekend at Shenandoah National Park) and watch TV (Modern Family, Better off Ted, The Good Wife).  In addition, as president of the Columbia Orchestra and Chairman of the Finance Committee, I spend time on orchestra-related administrative activities.  And every so often, we visit with our daughter Valerie, who is trying to succeed as a freelance cellist playing classical, popular, experimental music on the New York Scene.</p>','src_imgs/members/BruceKuehne.jpg',1014,0);
INSERT INTO "roster_orchestramember" VALUES(16,'Paul','','Li',1,0,0,0,'','',0,0);
INSERT INTO "roster_orchestramember" VALUES(17,'Sara','','Reimers',1,0,0,0,'<p>I have played the violin since I was 8 years old (with a 10 year break that coincided with my military service) and this is my 3rd full season with the Columbia Orchestra. The most unique violin experience I ever had was when I studied abroad during college. I was enrolled in a French Service-Learning program in Montpellier, France. Montpellier is a beautiful and very old town in the South of France that still boasts a medieval city centre with cobbled stone streets. Halfway through my semester, I realized I had run out of money (Yipes!) so I decided to play on the street to raise travel cash. I played almost every day for about a month and ended up with enough money to go to Paris.</p>
 
<p>When I am not playing with the Columbia Orchestra or busy with my day job, I am perfectly content to spend a quiet evening at home with my husband and 7-year old Black Lab. Otherwise, I am very active in the Laurel Church of Christ, love to scrapbook and make cards, and try to travel as much as our family budget and vacation days will allow.</p>','src_imgs/members/Sara_Reimers.jpg',323,0);
INSERT INTO "roster_orchestramember" VALUES(18,'Helen','','Rohleder',1,0,0,0,'','',0,0);
INSERT INTO "roster_orchestramember" VALUES(19,'Robin','','Strempek',1,0,0,0,'<p>Columbia Orchestra Member Since: 2003</p>

<p>How long you have played? Since 1988.</p>

<p>Other instruments played? Viola and a little of everything</p>

<p>What do you do for a living? I taught orchestra for Baltimore County Public Schools at Ridgely Middle School for 7 years. Now I am a systems analyst for the Federal Government. Big change, but loving it so far.</p>

<p>Where did you go to school and study? Annapolis High School 1996, Towson University 2002 Bachelor of Science in Music Education, and Boston University 2009 Masters of Music in Music Education.</p>

<p>Why did I join the orchestra? Who wouldnt want to work with a crazy and talented conductor like Jason? Plus we play awesome pieces.</p>

<p>Favorite books: I have been reading business books and Nicholas Sparks novels lately.</p>

<p>Favorite composer: Russian composers.</p>

<p>Interesting Fact #1: I have an advance open water SCUBA license.</p>

<p>Interesting Fact #2: I earned a black belt in Tae Kwon Do when I was in middle school.</p>

<p>Interesting Fact #3: I have traveled to South Korea, Iceland, England, Wales, Scotland, Czech Republic, Bratislava, and Austria.</p>','',472,0);
INSERT INTO "roster_orchestramember" VALUES(20,'Annette','','Szawan',1,0,0,0,'<p>Grew up in Canton, Ohio and attended Baldwin-Wallace Conservatory of Music earning a Bachelor of Music Education degree. Went on to graduate school to receive a Masters of Music Education from Kent State University.</p>

<p>Presently an Orchestra Director in Howard County Schools for 22 years. Was director of Elementary Enrichment G/T Orchestra for 20 years. Was selected for Who''s Who Among America''s Teachers in 2004.</p>

<p>Chair for the Columbia Orchestra''s Young Artist Competition and is an active Adjudicator for Orchestra Festivals, All-State Auditions, and Solo & ensemble Events throughout the state.</p>

<p>Has played first violin in the Columbia Orchestra for 20 years and still loves every minute of it!!</p>

<p>Loves to relax with a good Sci-Fi movie/tv series. Resides in Ellicott City with husband, bernie, and has a daughter living in Florida.</p>','src_imgs/members/Annette_Szawan2.jpg',161,0);
INSERT INTO "roster_orchestramember" VALUES(21,'Jon','','Teske',1,0,0,0,'','',0,0);
INSERT INTO "roster_orchestramember" VALUES(22,'Tim','','Topoleski',1,0,0,0,'','',0,0);
INSERT INTO "roster_orchestramember" VALUES(23,'Chris ','','Nibali',2,1,0,0,'','',0,0);
INSERT INTO "roster_orchestramember" VALUES(24,'Viviana','','Acosta',2,0,0,0,'<p>After a disastrous attempt at learning piano at age 4 which ended in tears, my father said to me at age 7, "Pick an instrument." I remember watching Sesame Street at the time and Sarah Chang was playing her little prodigy heart out during a commercial break. I thought, she''s my age and it looks easy. Avoiding another argument about my then proven musical inability, I responded, "Violin." The very next day with my rented 1/4 size violin, I arrived at Settlement Music School in Jenkintown, PA, a suburb of Philadelphia. 

After a few years of being relegated to the garage behind soundproof walls, my squeaky bowings eventually turned into palatable musical tones. Still, I hated individual recitals and nearly gave up playing because of my petrifying stage fright as a soloist. Thankfully, I learned to love the violin when I joined my first chamber group and discovered the beauty in group melodies. Two years later, I joined my first orchestra.</p>

<p>Since then, I continued playing throughout high school and at the University of Pennsylvania in various orchestral and chamber groups. I was lucky enough to receive instruction by Ghislaine Fleshman, a member of the Philadelphia Orchestra. After college, I played in the Mainline Symphony Orchestra before moving from Philadelphia to the Columbia area and joined the Columbia Orchestra in 2009.</p>

<p>I am grateful for the opportunities a musical education provided me and believe music was a key factor in keeping me from falling into the pitfalls of an urban environment as an adolescent.</p>','',148,0);
INSERT INTO "roster_orchestramember" VALUES(25,'Jonathan','','Chang',2,0,0,0,'','',0,0);
INSERT INTO "roster_orchestramember" VALUES(26,'Jacquelyn','','DeBella',2,0,0,0,'','',0,0);
INSERT INTO "roster_orchestramember" VALUES(27,'Meg','','Glenn',2,0,0,0,'','',0,0);
INSERT INTO "roster_orchestramember" VALUES(28,'Heidi','','Goldberg',2,0,0,0,'','',0,0);
INSERT INTO "roster_orchestramember" VALUES(29,'Ariel','','Haber',2,0,0,0,'','',0,0);
INSERT INTO "roster_orchestramember" VALUES(30,'Sheila','','Hrapchak',2,0,0,0,'<p>Graduate of Mansfield (PA) University [BS in Music Ed] and Indiana University of PA [MS in Music Ed]</p>

<p>I have played in orchestras, each rehearsing on Monday evenings, every year since college: </p>
<ul>
<li>Mansfield Symphony Orchestra</li>
<li>Elmira (NY) Symphony</li>
<li>University of Missouri Orchestra</li> 
<li>Columbia Orchestra</li>
</ul>

<p>Originally from Pennsylvania, I currently live in Columbia with my husband John, and work at Travelers Insurance Company.</p>

<p>I also direct our church choir, and give piano lessons.</p>','src_imgs/members/SheilaHrapchak.jpg',927,0);
INSERT INTO "roster_orchestramember" VALUES(31,'Jeeyun','','Kim',2,0,0,0,'<p>I started playing the violin in 5th grade through my elementary school''s program.  Mr. Jan Turkiewicz taught me many things about music and math during private violin lessons from 8th through 11th grade.  Then, I studied violin for a year with Dr. Ronald Francois who taught me to always find a story in the music.</p>

<p>After high school, I put the violin on the back burner while getting my degree in electrical engineering.  I''m happy to be playing regularly again, after a long 14 year hiatus, with this orchestra.  I particularly appreciate the arrhythmic modern music we play, because it has forced me to learn to count my music better.</p>

<p>alter ego when not in orchestra: tools designer for plasma (physics) research, calligrapher.</p>
<p>hobbies: knitting, sewing, building speakers, ice cream, collecting stationery.</p>

<p>music likes: Andrew Bird, Bach, Bizet, Ida, Jack Johnson, Prokofiev, Rachmaninoff, Radiohead, Schubert, Shostakovich.</p>
<p>music hates: Andrew Lloyd Webber and polka.</p>
<p>favorite music played: Ravel''s Mother Goose Suite, Kabalevsky''s Colas Breugnon overture.</p>','src_imgs/members/Jeeyun_Kim.JPG',334,0);
INSERT INTO "roster_orchestramember" VALUES(32,'Tanesha','','Mitchell',2,0,0,0,'','',0,0);
INSERT INTO "roster_orchestramember" VALUES(33,'Stuart','','Silver',2,0,0,0,'','',0,0);
INSERT INTO "roster_orchestramember" VALUES(34,'Dorothy','','Elkin',3,0,0,0,'','',0,0);
INSERT INTO "roster_orchestramember" VALUES(35,'J.','Patrick','Femiano',3,0,0,0,'<p>I''m Patrick Femiano and I am a member of the viola section of the Columbia Orchestra. I have been with the orchestra since 1986.</p>

<p>My musical experience started out as a second violinist in the Montgomery College Orchestra of Rockville. After hearing the sound of a solo viola at a wedding though I turned my attention to the  study that instrument in 1984.</p>

<p>Along with playing the orchestral repetoire for the viola I had my first theatrical experience playing in a production of OKLAHOMA. Working with singers and  the stage proved to be a valuable learning experience. I also had the opportunity to play some of the Gilbert and Sullivan operettas.</p>

<p>Many of my summers were spent in music camps that specialized in playing the chamber music of great composers from Haydn to Schubert.</p>

<p>After years of playing these different genres of music, I have to say that playing the full orchestral works of the great compers such as Mozart, Beethoven, Tchaikovsky is a source of great satisfaction and I am glad that the Columbia Orchestra makes this music available to our community.</p>','src_imgs/members/PatrickFemiano.jpg',1010,0);
INSERT INTO "roster_orchestramember" VALUES(36,'Chris','','Gosper',3,0,0,0,'','',0,0);
INSERT INTO "roster_orchestramember" VALUES(37,'Susan','','Laessig',3,0,0,0,'','',0,0);
INSERT INTO "roster_orchestramember" VALUES(38,'Bruce','','Newhall',3,0,0,0,'<p>In the fall of 1980 I joined the Columbia Chamber Orchestra, which was the string orchestra predecessor to the Columbia Orchestra.  Unlike most violists, I never played violin; I started on viola in 5th grade.  I have a PhD in Applied Mathematics from Rensselaer Polytechnic, and played in their orchestra during my undergraduate years.  I am employed at the Johns Hopkins Applied Physics Lab, where I am the Chief Scientist for the Maritime Security and Technology Program Area.  That means that I conduct research and development of Navy sonar systems and countermeasures against foreign sonars.  My wife, Elaine, is the principal flutist for the Columbia Orchestra, and my daughter, Katie, played cello in the orchestra when she was in high school.  When Im not working or practicing music, I enjoy outdoor activities, especially fossil collecting, canoeing, and hiking.</p>','src_imgs/members/BruceNewhall.JPG',958,0);
INSERT INTO "roster_orchestramember" VALUES(39,'Alison','','Pack',3,0,0,0,'','',0,0);
INSERT INTO "roster_orchestramember" VALUES(40,'Margaret','','Pooler',3,0,0,0,'','',0,0);
INSERT INTO "roster_orchestramember" VALUES(41,'Julie','','Schwartz',3,0,0,0,'','',0,0);
INSERT INTO "roster_orchestramember" VALUES(42,'Annemarie','','Scimonelli',3,0,0,0,'<p>Annemarie Scimonelli</p>

<p>Columbia Orchestra Member Since: 2002, I think? </p>

<p>Favorite Instrument: Cello, I would have played it but my hands are too small</p>

<p>Fun Fact: I am a nut for anything Harry Potter</p>

<p>I have been playing the viola for about 25 years.  I love playing this instrument because violists are usually a down-to-earth, laid-back group and the music written for the viola is unique and interesting.  I will definitely never forget the string quartet I gigged with in high school.  We played in beautiful, old churches, malls, and even in the frozen food section of a grocery store (with a guy dressed up as a chicken conducting)!</p>
 
<p>As a child my parents encouraged my love of classical music.  My sister (she played the violin) and I listened to cassette tapes of composer biographies on family vacations and we even had a memory card game with composers and their most well-known pieces!</p>

<p>My favorite composer is Antonin Dvorak because he played the viola, and he wrote music inspired by the common man of his home country.  My favorite symphony is Tchaikovsky''s Pathetique Symphony #6.</p>

<p>I cherish Monday nights with the Columbia Orchestra.  I can get away from my real life as a Human Resources Manager and do what I really love.  It feeds my soul.</p>','src_imgs/members/AnnemarieScimonelli.jpg',1007,0);
INSERT INTO "roster_orchestramember" VALUES(43,'Pamela','','Truitt',3,0,0,0,'','',0,1);
INSERT INTO "roster_orchestramember" VALUES(44,'Dottie','','Wayne',3,0,0,0,'<p>Columbia Orchestra member since 1998.</p>

<p>Growing up in Pittsburgh, PA, Dottie Wayne started on the violin at age 8, but switched from Violin I to Viola in her senior year of high school when its 2 violists graduated and the orchestra became viola-less.  She has never looked back!  Since moving to Maryland, following graduation from Dickinson College (and playing in the college orchestra), she played in the Prince Georges Symphony/Philharmonic (16 years), for Gilbert and Sullivan operettas, and for sundry other small musical groups.  After leaving the Prince Georges Philharmonic and before starting with the Columbia Orchestra, Dottie sang with groups such as the New Century Singers (5 years) and Elkridge Sweet Adeline Chorus (10 years). Currently, she sings with the Showtime Singers in addition to playing in the Columbia Orchestra.  Music, in some form, has always been a part of her life.</p>

<p>In her non-musical life, Dottie retired in 2004 after 36 years of Federal Government service.  She lives in Ellicott City with her husband, Larry. They are Co-Directors of the Central Maryland Chapter of Tasters Guild, International, a society of wine and food enthusiasts.  When not engaging in things musical or oenological, Dottie does research on her family genealogy, travels, reads books, solves crossword puzzles, and keeps up with the activities of their blended family of 3 adult children.</p>

<p>Memorable musical experience:  It was when she and her husband were living in Zagreb, Croatia.  She played regularly in a quartet with a flutist (Argentinean), violinist (German), cellist (Croatian), and herself.  It was quite a challenge trying to communicate - using English and Croatian as the common denominators - plus learning the different European musical notations and expressions!</p>

<p>Fun fact you may not know:  Dottie made the viola that she plays in the Columbia Orchestra.  She topped it in 1976.  It is now older than many of the young orchestra members!</p>','src_imgs/members/Dottie_Wayne.jpg',3,0);
INSERT INTO "roster_orchestramember" VALUES(45,'Penny','','Zahn',3,0,0,0,'<p>I began playing the viola in 1968 and continued through High School.  I lived on Long Island at the time in an area with outstanding public school music programs.  My HS orchestra had several students studying at Julliard prep, and we were a pretty hot orchestra.  I only took the free 30 minute/once a week lessons offered in school, and the game was to get the music director so busy talking about other interests that we blew through the lesson without having to play!  So here I am today, still playing.  I guess the lack of pressure allowed me to enjoy playing, so I''ve continued on, just learning as I went.  Not one private lesson ever...</p>

<p>Joined the Columbia Orchestra in 1986 when the group was still rehearsing in Yong Ku Ahn''s basement.  I hadn''t been playing for over 8 years by this point, so when I showed up at the first rehearsal I just slipped into the last seat in the section and hoped for the best.</p>

<p>I love the challenge of playing in a group.  You try to deliver what the conductor is asking for.  This takes great peripheral vision, and the ability to read body language as well as squints, threatening brows and the dreaded finger point.  To work with up to 80 other people trying to become "one" for an extended period of time takes incredible concentration and listening skills.  I often cannot sleep for hours after intense rehearsals.</p>

<p>Most of my off time is spent racing our sailboat out of Annapolis.  Last year we logged more than 500 miles under her keel in one race season!  I serve on several other organizations'' boards of directors, and was the Columbia Orchestra Treasurer when we voted to move from a chamber group to Full Symphony.  I am so thankful for the opportunity to play with this caliber of musicians, and of course our outstanding Music Director, Jason Love.</p>','src_imgs/members/PennyZahn.JPG',907,0);
INSERT INTO "roster_orchestramember" VALUES(46,'Bryan','','Barrett',4,0,0,0,'<p>I was born and brought up in England and started playing the cello at school. I spent 23 years as an officer in the Royal Navy, without many opportunities to play the cello, and played classical guitar for many years  easier to carry onboard a ship! I immigrated to the States in 1989 and we live in Annapolis.  I was so pleased to find a wealth of community music in Maryland and auditioned for the Columbia orchestra. I joined 7 years ago and have been thrilled to be able to play so much of the great orchestral repertoire that I have loved all my live, and also to be introduced to a lot of contemporary works that I would not otherwise have discovered. I have studied the cello here with Kerena Mueller and Gita Ladd. I am sort of retired, consulting in subsea engineering part time for the company I used to work for, and hope, as I turn 70 this year, to be able to continue to play for this wonderful orchestra for many years. </p>

<p>Member of Columbia Orchestra since 2003</p>','src_imgs/members/BryanBarrett.jpg',984,0);
INSERT INTO "roster_orchestramember" VALUES(47,'John','','Carter',4,0,0,0,'<p>John B. Carter is completing his second season with the Columbia Orchestra as a member of the cello section.  John, a Pennsylvania native, was introduced to the cello as a junior-high student by Donald E. Sutter who was the lead violinist for a string quartet in which John took part at Trinity Lutheran Church in Coatesville, PA.  John, originally a trumpeter, switched to the French horn and held the first chair horn position in the Coatesville Area Senior High School Symphonic Band.  As the first chair cellist in the Coatesville Area Senior High Orchestra, John placed to sit third chair at the Mid-East All Star Orchestra during his junior year, and played the Grieg Piano Concerto and the Great Gate of Kiev from Mussorgskys Pictures at an Exhibition at the festival concert.  He attended the string workshops at West Chester University each summer as a teenager.  John studied Psychology at Waynesburg University, Waynesburg, Pennsylvania and graduated in 1973 with a Bachelors Degree.  At Waynesburg, he was a member of the fledgling Waynesburg Marching Band and its orchestra under the direction of Allen C Emerick.  John attended graduate school at Roosevelt University in Chicago, Illinois where he earned a Masters Degree in Public Administration and played with the Chatham Symphony, the DePaul University Orchestra (Leon Stein) and the Lewis University Orchestra.  John continues to enjoy playing chamber music, and is a volunteer musician at St Marks Evangelical Lutheran Church in Baltimore where he is a member.  One of Johns favorite remembrances is of a comment made by his father, Lee, during  intermission at a Mid-East orchestra performance in Schwenksville, PA that featured the Beethoven 1st Symphony:  Man, I thought that song would never end! quipped his Dad.  John chooses Brahms, Rachmaninoff and Chopin among his favorite composers and enjoys listening to music and reading in his spare time.</p>','src_imgs/members/JohnCarter.jpg',971,0);
INSERT INTO "roster_orchestramember" VALUES(48,'Sarah','','Cotterill',4,0,0,0,'','',0,0);
INSERT INTO "roster_orchestramember" VALUES(49,'Carolyn','','Ginnever',4,0,0,0,'','',0,0);
INSERT INTO "roster_orchestramember" VALUES(50,'Kathy','','Hughes',4,0,0,0,'','',0,0);
INSERT INTO "roster_orchestramember" VALUES(51,'Dave','','Pumplin',4,0,0,0,'','',0,1);
INSERT INTO "roster_orchestramember" VALUES(52,'Hannah','','Oliver',4,0,0,0,'<p>Hannah Oliver</p>
<ul>
<li>Instrument: Cello</li>
<li>Columbia Orchestra Member Since: 2007</li>
<li>What you do for a living: Orchestra teacher in Howard County</li>
<li>Education: University of the Pacific, B.M. in music education. I studied under Nina Flyer.</li>
<li>Favorite Columbia Orchestra concert and why: Playing the Rite of Spring! I have wanted to play this piece my entire life and finally got to.</li>
<li>Favorite composers: Arvo Part or Elgar depending on the day</li>
<li>Favorite non-classical music/musicians: Regina Spektor and Bon Iver</li>
<li>Other hobbies and interests: reading many blogs and webcomics, gaming, and re-learning to skate.</li>
<li>Favorite Books: Mostly Science fiction and the occasional girly romance book.</li>
<li>Favorite Movie: Harold and Maude</li>
<li>Favorite TV Shows: I watch Glee and Bones nowadays.</li>
<li>What you love about the Columbia Orchestra: Being able to play cello with a group every week, and being involved in the musical community I teach in.</li>
</ul>','src_imgs/members/HannahOliver.jpg',1051,0);
INSERT INTO "roster_orchestramember" VALUES(53,'Jonathan','','Terry',4,0,0,0,'','',0,0);
INSERT INTO "roster_orchestramember" VALUES(54,'Al','','McLaine',5,1,0,0,'<p>Al is shown here with his now 100 year old mother. This picture was taken after a concert, and you can see we are both pretty happy. Mom plays the piano and encouraged me to take up the bass so we could have a family band. My brother was the drummer, my sister played the marimba, and I learned how to pluck the bass strings. I played in the high school orchestra and was part of several small jazz groups during that time (we called ourselves The Marlboros because we were so cool). I played for one year in the Annapolis Symphony when it was a community orchestra in the early 1960s. In college, I played for several years until protesting the Vietnam War took up most of my time. After college, I lived with some friends on a ranch in Colorado; I managed to learn a few notes on the tuba so I could play in the local fire department band. I also played the bass in a few gigs with a small group at a local bar.</p>

<p>Many years passed when the bass was just another piece of furniture. But when I ended up in Columbia in the late 1980s, the Columbia Orchestra beckoned, and I have been a member since 1989.</p>

<p>I have always preferred orchestral music, but recently I have taken up jazz again, folk/blue grass, and chamber music. Music will continue to play a major role in my life as I enter retirement years.</p>','src_imgs/members/AlMcLaine.JPG',995,0);
INSERT INTO "roster_orchestramember" VALUES(55,'Matthew','','Carroll',5,0,0,0,'','',0,1);
INSERT INTO "roster_orchestramember" VALUES(56,'Yoshiaki','','Horiguchi',5,0,0,0,'','',0,0);
INSERT INTO "roster_orchestramember" VALUES(57,'Colin','','O''Bryan',5,0,0,0,'','',0,1);
INSERT INTO "roster_orchestramember" VALUES(58,'Kevin','','Taylor',5,0,0,0,'','',0,0);
INSERT INTO "roster_orchestramember" VALUES(59,'Elaine','','Newhall',29,1,0,0,'<p>Elaine Newhall performs as principal flute with the Columbia
Orchestra as well as chamber music with Raphael Flute and
Strings, and 18th century folk music with Tasker''s Chance.
She has maintained a private flute studio in Howard County
since 1980. She earned her B.S. in Music Education from
College of St. Rose, Albany, NY, and M.M. in Music
Education from SUNY Potsdam, NY, Crane School of Music.
She was honored with the Howard County Arts Council
Howie Award, Outstanding Artist 2001.</p>','',359,0);
INSERT INTO "roster_orchestramember" VALUES(60,'Kathrin','','Kucharski',29,0,0,0,'<p>Kathrin Kucharski has played flute since she was ten years old and studied flute under Kathleen Trahan from the University of Maryland College Park School of Music.  She has played in a number of community church groups, performed with the Prince Georges County Orchestra and currently serves as second flute/piccolo for the Columbia Orchestra in Columbia Maryland.  In her real life, she is a wife, mom of two boys and a medical liaison pharmacist for sanofi-aventis pharmaceuticals.</p>','src_imgs/members/KathrinKucharski.jpg',992,0);
INSERT INTO "roster_orchestramember" VALUES(61,'Devona','Lee','Schiller',29,0,0,0,'<p>Devona Schiller, a native of Baltimore County, Maryland, joined the Columbia Orchestra as piccoloist in 2006.  She also currently serves as Principal Flutist of the U. S. Naval Academy Band.  She was formerly Principal Flutist of the U. S. ATLANTIC Fleet Band and has held positions with the Virginia Beach and Annapolis Wind Symphonies.</p>

<p>Mrs. Schiller received Bachelor of Music degrees in education and performance in 1998 from James Madison University, where she studied with Carol Kniebusch Noe. Under the tutelage of Anthony Maiello, she received a Master of Music in conducting from George Mason University in 2003. </p>

<p>An experienced soloist, Mrs. Schiller has been the first prize winner of the James Madison University Concerto Competition, Virginia Music Teachers Association Concerto Competition and the Sigma Alpha Iota Scholarship Competition.  She can be heard on the James Madison University Flute Choir feature compact disc Sounds and Colors. </p>

<p>A dedicated educator and advocate of the arts, Mrs. Schiller frequently teaches and serves as a clinician and adjudicator in Baltimore and Anne Arundel County schools.  Mrs. Schiller currently resides in Annapolis, MD and enjoys spending time with her husband, John and family.  Other interests include serving in church ministries, womens lacrosse, weight training, cooking, biking, and interior design.</p>','src_imgs/members/DevonaSchiller.jpg',898,0);
INSERT INTO "roster_orchestramember" VALUES(62,'Cassandra','Miranda','Valladares',29,0,0,0,'<p>Cassandra was born in San Juan, Puerto Rico. She started piano lessons when she was four years old and later picked up the violin and the flute. When the time came to start college she decided to major in flute, graduating summa cum laude with a Bachelor of Music in Flute Performance from the Conservatory of Music of Puerto Rico where she also received the Woodwind Department Achievement Medal awarded to the most outstanding overall student in the woodwind department.</p>

<p>Cassandra relocated to Maryland to pursue graduate studies at the Peabody Conservatory of the Johns Hopkins University. She graduated with a Masters in Music Education in 2007.</p>

<p>Currently, Cassandra is the band director at Harper''s Choice Middle School in Columbia and teaches flute privately. She is also a member of the Columbia Chamber Winds woodwind quintet. In 2010, Cassandra will begin studies at the University of Maryland School of Law.</p>

<p>In her spare time, Cassandra enjoys learning languages, traveling, and taking care of her Mini-Schnauzer mix, Beauty.</p>','src_imgs/members/Cassandra_Miranda_Valladares.jpg',228,1);
INSERT INTO "roster_orchestramember" VALUES(63,'Susan','','Schultz',23,0,0,0,'','',0,1);
INSERT INTO "roster_orchestramember" VALUES(64,'Lindsey','','Spear',7,1,0,0,'','',0,0);
INSERT INTO "roster_orchestramember" VALUES(65,'Barbra','','Girdler',7,0,0,0,'','',0,0);
INSERT INTO "roster_orchestramember" VALUES(66,'Peggy ','','White',7,0,0,0,'','',0,0);
INSERT INTO "roster_orchestramember" VALUES(67,'Elizabeth','','Eber',7,0,0,0,'','',0,1);
INSERT INTO "roster_orchestramember" VALUES(68,'Kelly','','Klomparens',7,0,0,0,'','',0,1);
INSERT INTO "roster_orchestramember" VALUES(69,'Barbara','','Girdler',8,0,0,0,'','',0,0);
INSERT INTO "roster_orchestramember" VALUES(70,'Kelly','','Klomparens',8,0,0,0,'','',0,1);
INSERT INTO "roster_orchestramember" VALUES(71,'Karen','','Hopkinson',9,1,0,0,'','',0,0);
INSERT INTO "roster_orchestramember" VALUES(72,'Bobby','','Lapinski',9,0,0,0,'','',0,1);
INSERT INTO "roster_orchestramember" VALUES(73,'Matthew','','Gunderson',9,0,0,0,'<p>Matt began playing the clarinet at age 10 and instantly fell in love with its flexibility and lyricism.  After graduating from high school, Matt studied clarinet at the University of South Carolina with Professor Emeritus R. Douglas Graham, earning a Bachelors of Music degree in Music Education with a minor in Performance. </p>

<p>Upon completion of his undergraduate degree, Matt returned to USC and worked toward a Masters degree in Music History while continuing his study of the clarinet with Prof. Graham, becoming Principal Clarinetist of the Wind Ensemble and Symphony Orchestra and performing with numerous chamber ensembles.  He also served as a Graduate Assistant in the Music Appreciation department, teaching sections of 150 students, as well as working in the Music Library at USC under the tutelage of Jennifer Ottervik.</p>

<p>After meeting his future wife, Erin, Matt moved to Milwaukee and began pursuing a Masters in Library Science and a Masters in Clarinet Performance from the University of Wisconsin-Milwaukee.  He was a Graduate Assistant in the Music Library at UWM, learning from and assisting Head Librarian Rebecca Littman.  He studied clarinet with Todd Levy, Principal Clarinetist of the Milwaukee Symphony, while serving as Co-Principal Clarinetist of both the Wind Ensemble and Symphony Orchestra.</p>

<p>After completing his performance degree, and consequently realizing he was broke, Matt enlisted in the United States Army and joined the Training and Doctrine Command Band at Fort Monroe, VA.  He served as clarinetist in the concert band and ceremonial band, and as clarinetist and alto saxophonist with the jazz band.</p>

<p>In April of 2009, Matt joined the United States Army Field Band at Fort Meade, MD, currently serving as Assistant Librarian. /p>

<p>He joined the Columbia Orchestra in August of 2009, playing both clarinet and bass clarinet, and has embraced the joys of sharing music with the enthusiastic and hungry audiences that have graced the concert hall.</p>

<p>Matt currently lives in Linthicum Heights, MD, with his wife, Erin, his two young daughters, Abigail and Hannah, and their cat, Rachmaninoff (Rachy for short!).</p>','src_imgs/members/Matt_Gunderson.jpg',367,0);
INSERT INTO "roster_orchestramember" VALUES(74,'Edna','','Huang',10,0,0,0,'','',0,1);
INSERT INTO "roster_orchestramember" VALUES(75,'Lori','','Fowser',9,0,0,0,'','',0,0);
INSERT INTO "roster_orchestramember" VALUES(76,'Monica','','Schwartz',12,1,0,0,'<p>Monica Schwartzn</p>
<p>Member since Fall 2007, member of the board since Fall 2009</p>

<p>Monica Schwartz is a bassoonist, composer, and music educator.  She collects degrees in music in her spare time and has a masters in Music Composition (10) and Education (10) from the Peabody Conservatory of Johns Hopkins University. She holds three undergraduate music degrees in Bassoon Performance, Music Education, and Composition with a minor in Jazz Voice from also from Peabody. In 2010 she will embark on a PhD program in Music Theory with a minor in bassoon performance at the Catholic University of America.</p>

<p>Monica teaches private bassoon lessons and regularly freelances with local orchestras. She also enjoys performing chamber music and meets regularly with the Columbia Chamber Winds and her bassoon quartet. She has studied bassoon with Linda Harwell (retired National Symphony) as an undergraduate, Terry Ewell (Towson University), Truman Harris (National Symphony), and Barrick Stees (Cleveland Orchestra, Interlochen).</p>

<p>Also an accomplished composer, her works have been featured locally and as far as several places in England. Her chamber opera, Wings of Fire, was produced by the Peabody Opera Department.  Also she was awarded several grants, including a Johns Hopkins Provost grant to present a recital of new works for bassoon at the International Double Reed Society Convention in Tempe, Arizona.  In 2008 she presented a complete recital of her works featuring a full chorus, wind quintet, bass voice, and harp works at Peabody.  She has studied composition with Thomas Benjamin, Nicolas Maw, Moris Cotel, and Mark Lanz Weiser.</p>

<p>Monica has been a band director in Howard County Public Schools since 2001 and has been twice nominated for Music Teacher of the Year for Howard County.  Monica is a member of the American Composers Forum, MMEA, and MENC.</p>

<p>Monica spends a lot time playing bassoon, teaching, and composing--but she also takes time to enjoy the other finer things in life.   She plays on a Howard County Rec & Parks adult soccer team weekly and has played soccer almost every year of her life since before she can remember. She is also Chelsea Football Club (English Premier League) fan and can''t wait to cheer on the US in the World Cup.  She also counts oil painting, calligraphy, and origami among her hobbies which she loves to do herself, or visit art galleries to see, or take classes in, or lessons from masters to learn more about these art forms.  She thinks she would have been a visual artist if she had not become a musician.  She loves to travel and thinks Iceland and the Ice Hotel in Canada are the coolest places she''s ever been (no pun intended).  She also loves walking her two crazy pugs-- Dizzy (Gillespie) and Miles (Davis) who are very competitive and always try to out do each other with how silly they can be.</p>','src_imgs/members/MonicaDeLeon.jpeg',999,0);
INSERT INTO "roster_orchestramember" VALUES(77,'Norma','','Hooks',12,0,0,0,'','',0,0);
INSERT INTO "roster_orchestramember" VALUES(78,'Stacy','','Hultzman',12,0,0,0,'','',0,1);
INSERT INTO "roster_orchestramember" VALUES(79,'Chris','','Holtzem',12,0,0,0,'','',0,1);
INSERT INTO "roster_orchestramember" VALUES(80,'Andrew','','Delclos',12,0,0,0,'','',0,0);
INSERT INTO "roster_orchestramember" VALUES(81,'Melissa','','Feliciano',13,0,0,0,'','',0,1);
INSERT INTO "roster_orchestramember" VALUES(82,'Andrew','','Delclos',13,0,0,0,'','',0,0);
INSERT INTO "roster_orchestramember" VALUES(83,'James','','Rodak',25,0,0,0,'','',0,0);
INSERT INTO "roster_orchestramember" VALUES(84,'Carl','','Reynolds',15,1,0,0,'','',0,0);
INSERT INTO "roster_orchestramember" VALUES(85,'Roy','','Leierzapf',15,0,0,0,'<p>A Pittsburgh native, Roy has been playing with the Columbia Orchestra since 1999.  Prior appointments since moving to Maryland have been Assistant Principal Trumpet of the Rockville Concert Band and trumpet with the Columbia Concert Band.  While still in Pittsburgh, Roy was the Principal Trumpet of the Pittsburgh Civic Orchestra under the baton of Keith Lockhart, now Music Director of the Boston Pops.  Roy is a graduate of Duquesne University where he received a B.S Degree in Music Education.  He studied trumpet under Charles Hois, Jack McKee and Frank Woodbury, all members in the trumpet section of the Pittsburgh Symphony of the sixties through eighties.</p>

<p>Roy is a tax systems and software specialist within the Tax Operations group of USTrust, Bank of America Private Wealth Management.  In addition to providing technical support and leadership of several tax vendors systems, Roy has developed several custom software applications in use by the Tax Departments for specialized tax processing and tracking systems.</p>','src_imgs/members/Roy_Leierzapf_1.jpg',305,0);
INSERT INTO "roster_orchestramember" VALUES(86,'Paul','','Lindenmann',15,0,0,0,'','',0,0);
INSERT INTO "roster_orchestramember" VALUES(87,'Andrew','','Strempek',15,0,0,0,'','',0,1);
INSERT INTO "roster_orchestramember" VALUES(88,'Mario','','Fuentes',17,0,0,0,'','',0,1);
INSERT INTO "roster_orchestramember" VALUES(90,'Anne','','Ward',14,1,0,0,'<ul>
<li>Columbia Orchestra Member Since: 1997. I''m also Vice President  of the Orchestra''s Board of Directors.</li>
<li>How long youve played:  49 years!</li>
<li>Other instruments you play:  I play them all, enthusiastically if not proficiently.</li>
<li>Favorite musical memories or events:   Theyre all special. </li>
<li>Favorite composers or pieces:  Brahms is always at the top of the list, but I sure loved Mahler Symphony #1.</li>
<li>Things you love about favorite composers or pieces:  They compose such delightful music, although their lives are agony.</li>
<li>What you do for a living:  I recently retired after 40 years of teaching public and private school instrumental music.  I maintain a small private studio.</li>
<li>Whos in your family (and if theyre musicians):  mother/piano, sister/cello, father/radio, husband/guitar</li>
<li>Where did you go to school and what you studied:  Towson State College/University  music education</li>
<li>With whom did you study (your instrument):  Rayburn Griffith, Ray Moore, Kathryn Mehrtens</li>
<li>Favorite non-classical music/musicians:  Andrew Lloyd Webber</li>
<li>Favorite Columbia Orchestra concert and why:  whatever were playing now!</li>
<li>Dream concert program to play:  Wagner or Strauss</li>
<li>Favorite or Desert Island CDs / Whats on your iPod:  shuffle all instrumental  no vocal</li>
<li>Other hobbies and interests:  downhill skiing, golf</li>
<li>Favorite Books:  The Once and Future King (T. H. White)</li>
<li>Favorite Movies:  light comedy, musical</li>
<li>Favorite TV Shows:  Who has time?</li>
<li>What you love about the Columbia Orchestra:  Jason and staff, the orchestra members (were a TEAM), the repertoire</li>
</ul>
','src_imgs/members/AnneWard.jpg',1085,0);
INSERT INTO "roster_orchestramember" VALUES(91,'Sarah','','Dorrance',14,0,0,0,'<p>Rev. Sarah Babylon Dorrance&ndash;2nd Horn.  The Columbia Orchestra and my life have intertwined ever since this group became a full orchestra, for over 21 years! My first child was born after the end of our first season together. This is a place where I can come make music with others, where we can become one unit as we work together to perform a particular piece of music. Through my own personal life journey the orchestra has been part of who I am. I am grateful for the opportunity to continue playing French Horn over the long haul. It is an honor and a privilege to be a part of these fine musicians. I am a graduate of Gettysburg College and Wesley Theological Seminary. On Monday nights, I belong to the orchestra, the rest of the time I am a Mom of two wonderful college age young women and a pastor at Taylorsville United Methodist Church. I am grateful to God for the gift of music, and as for me, I pray that all the music that I am a part of gives glory to God my Savior.</p>','src_imgs/members/SarahDorrance.jpg',1015,0);
INSERT INTO "roster_orchestramember" VALUES(92,'Cally','','Messick',14,0,0,0,'','',0,0);
INSERT INTO "roster_orchestramember" VALUES(93,'Rebecca','','Lantz',14,0,0,0,'','',0,1);
INSERT INTO "roster_orchestramember" VALUES(94,'Jeffrey','','Girdler',14,0,0,0,'<p></p>','src_imgs/members/Jeff_Girdler.jpg',2,0);
INSERT INTO "roster_orchestramember" VALUES(95,'Nancy','','Corporon',14,0,0,0,'','',0,1);
INSERT INTO "roster_orchestramember" VALUES(96,'Jessica','','Hughes',14,0,0,0,'','',0,1);
INSERT INTO "roster_orchestramember" VALUES(97,'Pamela','','Scheuermann',14,0,0,0,'','',0,1);
INSERT INTO "roster_orchestramember" VALUES(98,'George','','Werner',17,1,0,0,'','',0,0);
INSERT INTO "roster_orchestramember" VALUES(99,'Randy','','Malm',17,0,0,0,'<p>Columbia Orchestra Member for Decades (cant remember when I started) </p>

<p>I began with piano at some single digit age, but piano was never my main instrument.  I tried trumpet in 6th grade, but switched to trombone in 7th and dropped it junior year due to a school change (no instrumental music at the new school). </p>

<p>I trained for a career in Electrical Engineering at the University of Bridgeport (Connecticut), and worked in that field and project management for just over 30 years, retiring early.  After about 7 years of retirement, I started a home improvement business which I still own and operate.  (I am really the only employee.) </p>

<p>I also trained as a pilot, holding a commercial license, with single-engine land and sea, multi-engine land, and instrument ratings.  While I owned a small plane back then, I am inactive in that field now.</p> 

<p>In the late 1970s, I joined the Columbia Concert Band playing trombone after a 22 year hiatus, then moved to a jazz big band course at UMBC, then joined the Columbia Big Band (CBB).  In the early 1980s I co-produced a Big Band jazz show at Ethels Place (which featured renowned jazz singer Ethel Ennis), Ethels Place being a new jazz club in Baltimore directly across the street from the Meyerhoff Theater.  Playing in that show was probably the greatest musical high of my life, certainly at that time, anyway.</p> 

<p>I never really lost interest in piano though, and in the early 1980s received some piano lessons from Marc Cohen (now Marc Copeland), who is a pretty well known jazz pianist.  He had a remarkably different approach to teaching piano which I have never forgotten.  I would be happy to talk about it sometime.  After those lessons, I played much more piano than ever before, and I still play often, mostly just improv and mostly at home. </p>

<p>In the early 1990s I joined the Columbia Jazz Band (CJB) (not to be confused with the Columbia Big Band (CBB)), but this time on bass guitar.  I had never played the bass guitar before, so I had to learn it really quickly.  At present, I am still in that position.  That band is currently under the direction of Pete Barrenbregge, former director of the Airmen of Note, the Air Forces premier jazz band.  In 2008, I toured Europe with the CJB, playing in the Montreux (Switzerland) Jazz Festival, and three other locations in Europe.  More Europe touring is in the works.  We have also played at Blues Alley, Washington, DCs top jazz supper club. </p>

<p>I dont remember when I joined the Columbia Orchestra, but I know it was in the previous century.  I play 2nd trombone there.  I have no training in classical music, so every season is a new adventure. </p>

<p>I also play in a trombone choir which is (usually) 12 trombones, playing under the direction of David Fetter, a former Principal Trombone in the Baltimore Symphony Orchestra. </p>

<p>If you are in the market for any home improvements, please check my ad in the Orchestra Programs.</p>','src_imgs/members/Randy2.jpg',868,0);
INSERT INTO "roster_orchestramember" VALUES(100,'Randolph','','Capone',18,0,0,0,'<p>Columbia Orchestra Member Since: 2005</p>

<p>Bass trombonist Randy Capone was born in Syracuse, NY and switched from piano to trombone at age 9 after watching Bob Havens perform on the Lawrence Welk Show.  His early teachers included Al Balestra, Jerry Natoli, John Besten, and Bill Harris.  He won the NY State School Music Association solo competition for bass trombone in 1985 while playing with the Syracuse Symphony Youth Orchestra.  He later studied with Harold Van Schaik and George Osborne at The Eastman School of Music. Hes played with the Syracuse Symphony Orchestra, the Utica Symphony Orchestra, the Syracuse Summer Festival Orchestra, the University of Rochester Symphony Orchestra, the Emory Atlanta Orchestra, and the Regal Brass Quintet.  He plays a 1986 Bach Stradivarius 50 B3L with a custom Schilke mouthpiece.</p>

<p>After completing medical school in 1997, he moved to Baltimore and began his surgical training at the Johns Hopkins Hospital.  When not playing bass trombone, he is likely spending time with his family in Baltimore or is busy with his career as the Director of the Baltimore Center for Facial Plastic Surgery (www.BaltimoreFaces.com).</p>','',412,0);
INSERT INTO "roster_orchestramember" VALUES(101,'Douglas','','Lee',19,1,0,0,'<p>Columbia Orchestra member since: 1996 </p>

<p>What do you do for a living?  Im an attorney with the federal court system. </p>

<p>Where else do you play?  Besides Columbia, I play with the Howard County Ballet Orchestra, the Ellicott Brass, and the Barleycorn Brass Quintet  </p>

<p>Who else in your family is a musicians?  Although my older brother is a college philosophy professor, he also composes music and fools around on the fiddle and the saxophone. </p>

<p>Where did you go to school and what did you study?   I got my undergraduate degree in American history at Brown University and I went to law school at the University of Pennsylvania</p>

<p>With whom have you studied?  I have studied in recent years with Dave Fedderly, tuba player with the Baltimore Symphony Orchestra.   </p>

<p>Favorite Columbia Orchestra concert and why? Three: (1) Playing Tubby the Tuba at the Childrens Concert in December 2005 (what can I say, I loved being a soloist in front of enthusiastic children); (2) Playing Stravinskys Rite of Spring in October 20009 (Rite of Spring was one of the first pieces of classical music I discovered as a child and it had been a dream of mine to play it someday); and (3) Playing Mahlers Symphony No. 1 in May 2010 (another dream of mine).  Runner up:  My first concert with the Columbia Orchestra in October 1996.  I hadnt played in an orchestra or band in 15 years and the return of musical performance to my life was an amazing gift.  It also didnt hurt that I met my wife going into the dress rehearsal for that concert. </p>

<p>What are your favorite composers or pieces?  Very hard to pare it down:  Ralph Vaughan Williams, Aaron Copland, Walter Piston, Paul Hindemith, William Schuman, William Walton, Bach, Handel, Stravinsky, Mahler, Strauss, Dvorak, Elgar, John Adams, the list goes on & on.  Particular pieces: Stravinsky, Rite of Spring & Agon; Bartok, Concerto for Orchestra; William Schuman, Symphony No. 3; Lutoslawski, Concerto for Orchestra; Hindemith, Symphonic Metamorphosis; Vaughan Williams, Pastoral Symphony and Symphony No. 5; William Walton, Symphony No. 1 ... </p>

<p>Whats on your iPod?  All of the above, plus lots of jazz, plus eclectic 70 & 80''s folks & rock (Tom Petty, Bruce Hornsby, Fleetwood Mac, Eagles, James Taylor, etc) </p>

<p>Last book you read? American Heroes by Edmund Morgan & The First Rule by Robert Crais </p>

<p>Favorite TV shows?  Friday Night Lights </p>

<p>Other surprising facts about you?  I was born in North Dakota.  Im married to Lynn Halverson, a former cello player in the orchestra (see dress rehearsal story above).  We collect many, many books, especially cookbooks.  I also collect an insane number of CDs.  I was a park ranger at Natural Bridges National Monument, Utah in 1976, the summer after my freshman year in college.  I was a trial lawyer in Philadelphia before moving to the D.C. area in 1989 (in another life...)   </p>','src_imgs/members/DougLee.JPG',822,0);
INSERT INTO "roster_orchestramember" VALUES(102,'Sarah','','Knapp',19,0,0,0,'','',0,1);
INSERT INTO "roster_orchestramember" VALUES(103,'Nancy','','Smith',22,0,0,0,'<p>Nancy Smith holds bachelors and masters degrees in Piano Performance from the Eastman School of Music and the Florida State University School of Music, respectively.  Since 2002, she has been Pianist of the Columbia Orchestra.  Previously, Nancy performed with the Florida State University Symphony Orchestra, and as pianist with numerous choral groups.  Her chamber music experience extends to performances as part of the International Institute for Chamber Music, the Sarasota Music Festival, the Festival of New Music, the Dickinson Piano Quartet, and The Columbia Orchestra Trio.  Over the years, Nancys career has morphed from free-lance musician to a career that has included stints in arts administration, non-profit management, and proposal development.  Her career has included tenures as Manager of the Tallahassee Symphony Orchestra, service with the Florida Arts Council, Executive Director of AEMS:  Arts Education in Maryland Schools Alliance, and work for the national consulting company MGT of America.  Currently, Nancy is Director of Grants Development for The Community College of Baltimore County, where she oversees the design of projects in a broad array of disciplines.  In 2010, with her help, the college received more than $10 million in grant funding. </p>','src_imgs/members/Nancy_Smith_Color.JPG',921,0);
INSERT INTO "roster_orchestramember" VALUES(104,'Meredith','','Mancini',24,0,0,0,'<p>Columbia Orchestra Member since: 1999 

<p>Harpist, Meredith Mancini, is an active free-lance harpist in the Washington/Baltimore metropolitan area. Meredith began playing the harp at age 8. She is a cum Laude graduate of The Benjamin T. Rome School of Music at The Catholic University of America, where she studied with Jeanne Chalifoux. She has also trained under Alice Chalifoux at the Salzedo Summer Harp Colony.  </p>

<p>In addition to Columbia Orchestra she performs with numerous regional orchestras, including the Prince Georges Philharmonic, the Capital Wind Symphony, and the Piedmont Symphony. Meredith performs regularly with the Washington Savoyards, Opera Camerata, the Howard County Ballet, the Rockville Summer Dinner Theatre for 30 years, and the Victorian Lyric Opera Company. Meredith is a former harpist of the Maryland Symphony. She has performed most major Broadway shows. Meredith performed for the critically acclaimed production of The Fantasticks at the Round House Theatre in 2000, as well as the 2009 production of Olney Theatre Centers Camelot. Meredith has performed for Fords Theatre annual production of A Christmas Carol. Meredith has performed in the Vatican for Pope John Paul II, and in backup orchestras for Neil Sedaka and The Moody Blues. </p>

<p>Ms. Mancini is an active harp instructor in the Washington/Baltimore area of all ages and abilities. She has been the harp instructor for the D.C. Youth Orchestra Program for over 15 years. She is currently the harp instructor for Montgomery College, and maintains an active private studio as well. She has previously taught at Catholic University and the Ottley School of Music. </p>

<p>Meredith has been an active harpist for weddings, receptions, and all special events for over 20 years. Ms. Mancini is a published arranger for harp ensembles, solos, and musical scores.</p>','src_imgs/members/MeredithMancini.jpg',931,0);
INSERT INTO "roster_orchestramember" VALUES(105,'Jeffrey ','','Soulen',21,1,0,0,'<p>Columbia Orchestra Member since: 1992</p>

<p>Timpanist Jeff Soulen began playing percussion in 9th grade when his school band director,
needing more than two percussionists in the marching band, ignored Jeff''s complete lack of
experience and recruited him to play cymbals with instructions to hit them together on every
beat and remember, left foot first. Enchanted by the magic of making music with friends, he
started private lessons and was soon playing with community groups in the Philadelphia area.
College brought the opportunity to study with Michael Bookspan of the Philadelphia Orchestra
and Fred Hinger of the Metropolitan Opera. He has played steadily with a variety of
orchestras since then and enjoys playing occasional freelance gigs as well.</p>

<p>After a ''first career'' as a pediatrician, Jeff has practiced psychiatry since 1994. He maintains a
full time private practice in Ellicott City.</p>

<p>When not at work or playing music, he is likely be found in the great outdoors with his family
and friends or hosting meditation at the <a class="bodylink" href="http://www.hocodharmagroup.org" target="co_link" title="Pop-up">Howard County Dharma Group</a>.</p>','src_imgs/members/Jeff_Soulen2.jpg',83,0);
INSERT INTO "roster_orchestramember" VALUES(106,'Gretchen ','','McCracken',20,0,0,0,'','',0,1);
INSERT INTO "roster_orchestramember" VALUES(107,'Greg','','Herron',20,0,0,0,'','',0,1);
INSERT INTO "roster_orchestramember" VALUES(108,'Ken','','Walton',20,0,0,0,'<p>I started my musical studies with piano lessons when I was 9 years  
old, and switched to drums when I was in the 9th grade. I joined the  
school band, which proved to be a choice that led to my professional  
career! After graduating from the University of Maryland with a BS in  
Music Education, I taught instrumental music for 31 years, and am now  
retired. Although my first job was teaching at a junior high school  
in Anne Arundel County,  most of my career was spent directing band  
and orchestra programs at the high school level in Baltimore County.</p>

<p>In addition to teaching, I have done a lot of playing over the  
years.  As someone who enjoys a wide range of musical styles, I have  
played in everything from rock bands to big bands, wedding combos,  
church praise bands, musical theatre and more!</p>

<p>When not performing or going to concerts, I enjoy running, biking and  
hiking.  I am also a fan of both college and professional sports.</p>','src_imgs/members/Ken.jpg',770,0);
INSERT INTO "roster_orchestramember" VALUES(109,'Jane','','Creagan',20,0,0,0,'','',0,1);
INSERT INTO "roster_orchestramember" VALUES(110,'Randall','','Stewart',26,0,0,0,'<p>Randall Stewart was named Assistant Conductor of the Columbia Orchestra in September 2009. Mr. Stewart founded the Baltimore Sinfonietta in 2004 to bring unusual orchestral programming to the region. He has been active as an operatic conductor, having led young artist performances <i>Le Nozze di Figaro, Il barbiere di Siviglia,</i> and <i>Die Zauberflte</i> in New York and <i>Il Coronazione di Poppea</i> at Catholic University in Washington. In the sphere of Musical Theater, he has conducted performances of <i>The Music Man</i> with the Washington Savoyards and <i>Sweeney Todd</i> at Catholic University. </p>

<p>Mr. Stewarts has taught instrumental music in Maryland public schools for twelve years, serving as the band director at Catoctin High School in Thurmont from 1998 to 2001 and Eastern Technical High School in Essex from 2001 to 2008. He presently teaches instrumental music at Dundalk Middle School.</p>

<p>Mr. Stewart is a candidate for the Doctor of Musical Arts Degree in Orchestral Conducting at The Catholic University of America in Washington, D.C, where he studies with Maestro David Searle. He has also studied with Kenneth Kiesler and Gustav Meier.</p>','',448,1);
INSERT INTO "roster_orchestramember" VALUES(111,'Brandi ','','Healey',4,0,0,0,'','',0,0);
INSERT INTO "roster_orchestramember" VALUES(112,'Suzanne','','Sherwood',3,0,0,0,'<p>Columbia Orchestra Member Since: 2010</p>

 

<p>I started playing violin in fifth grade, but due to my large hands and the lack of school funds to rent more student violins; it was strongly suggested I switch to viola. I''ve never regretted the switch, and have fallen in love with the sound of the viola. </p>

 

<p>I''m currently in the military, stationed at Fort Meade. This is the first place I''ve been stationed with an orchestra where I can participate. Playing with the orchestra has been a fantastic experience so far; a great opportunity to meet people and expand musical abilities.</p>

 

<p>When I''m not working I enjoy sewing, reading and some video games. </p>','',303,0);
INSERT INTO "roster_orchestramember" VALUES(113,'Tedd','','Griepentrog',28,0,0,0,'<p>Tedd Griepentrog served with the U.S. Army Field Band of Washington, DC, the militarys premier touring concert band, for 20 years. As Saxophone Soloist, he performed in all 50 states and 14 countries, premiered 12 new works for saxophone, and was featured in numerous television broadcasts and recordings. As Educational Activities Coordinator, he developed the Field Bands Legacy CD reference recordings and Instructional Video series, and coordinated clinics and performances that annually reached more than 100,000 students across the nation. During his tenure, he performed for every U.S. President from Ronald Reagan to George W. Bush.</p>

<p>Mr. Griepentrog served as a saxophone clinician for the Leblanc/Yanagisawa Corporation and received the 2003 Outstanding Music Educator Award from MENCThe National Association for Music Education. He has performed with the Boston Pops, Cincinnati Pops, Milwaukee Symphony, and Baltimore Symphony Orchestra. He was featured in a cover story in the internationally-distributed Saxophone Journal magazine. </p>

<p>He has been a presenter at conferences of the Music Educators National Conference, the Network of Visual and Performing Arts Schools, the National Association of Partners in Education, Created to Praise, and the National Association of Secondary School Principals. He holds a Bachelor of Fine Arts in Music Education from the University of Wisconsin-Milwaukee and a Master of Arts in Arts Administration from Goucher College.</p>

<p>Since retiring from the military in 2003, Mr. Griepentrog serves as Executive Director of the Columbia Orchestra and teaches Band and General Music at St. Pauls Lutheran School in Glen Burnie, MD. He and his wife, Maureen Griepentrog, publish their choral compositions and band arrangements through their company, Treble C Music.</p>','src_imgs/members/Tedd_Griepentrog.jpg',517,0);
INSERT INTO "roster_orchestramember" VALUES(114,'Greg','','Tsalikis',20,0,0,0,'','',0,0);
INSERT INTO "roster_orchestramember" VALUES(115,'Elizabeth','','Horst',1,0,0,0,'','',0,0);
INSERT INTO "roster_orchestramember" VALUES(116,'Doug','','Dean',5,0,0,0,'','',0,0);
INSERT INTO "roster_orchestramember" VALUES(117,'Erin','','Hedden',1,0,0,0,'','',0,0);
INSERT INTO "roster_orchestramember" VALUES(118,'Jessica','','Liberati',2,0,0,0,'','',0,0);
INSERT INTO "roster_orchestramember" VALUES(119,'Adam','','Waickman',2,0,0,0,'<p>Adam is a recent transplant to the Columbia area, originally hailing from Northern NY. He completed his bachelor degree in biological sciences at Cornell University in 2008 and is currently pursuing his PhD in immunology at the Johns Hopkins School of Medicine. He has previously played with the Cornell University Symphony Orchestra under the direction of Chris Kim, and with several smaller chamber groups. He currently lives in Elkridge with his wife Kathryn (who is a violist in the Columbia Orchestra).</p>','src_imgs/members/Adam_Waickman.jpg',169,0);
INSERT INTO "roster_orchestramember" VALUES(120,'Esther','Wagner','Yuan',2,0,0,0,'','',0,0);
INSERT INTO "roster_orchestramember" VALUES(121,'Kate','','Harvey',3,0,0,0,'','',0,0);
INSERT INTO "roster_orchestramember" VALUES(122,'Dami','','Soh',4,0,0,0,'','',0,0);
INSERT INTO "roster_orchestramember" VALUES(123,'Devona','Lee','Schiller',31,0,0,0,'<p>Devona Schiller, a native of Baltimore County, Maryland, joined the Columbia Orchestra as piccoloist in 2006.  She also currently serves as Principal Flutist of the U. S. Naval Academy Band.  She was formerly Principal Flutist of the U. S. ATLANTIC Fleet Band and has held positions with the Virginia Beach and Annapolis Wind Symphonies.</p>

<p>Mrs. Schiller received Bachelor of Music degrees in education and performance in 1998 from James Madison University, where she studied with Carol Kniebusch Noe. Under the tutelage of Anthony Maiello, she received a Master of Music in conducting from George Mason University in 2003. </p>

<p>An experienced soloist, Mrs. Schiller has been the first prize winner of the James Madison University Concerto Competition, Virginia Music Teachers Association Concerto Competition and the Sigma Alpha Iota Scholarship Competition.  She can be heard on the James Madison University Flute Choir feature compact disc Sounds and Colors. </p>

<p>A dedicated educator and advocate of the arts, Mrs. Schiller frequently teaches and serves as a clinician and adjudicator in Baltimore and Anne Arundel County schools.  Mrs. Schiller currently resides in Annapolis, MD and enjoys spending time with her husband, John and family.  Other interests include serving in church ministries, womens lacrosse, weight training, cooking, biking, and interior design.</p>','',0,0);
INSERT INTO "roster_orchestramember" VALUES(124,'Lori','','Fowser',30,0,0,0,'','',0,0);
INSERT INTO "roster_orchestramember" VALUES(125,'Shari','','Rolnick',1,0,0,0,'','',0,0);
INSERT INTO "roster_orchestramember" VALUES(126,'Patricia','','DeOrio',2,0,0,0,'','',0,1);
INSERT INTO "roster_orchestramember" VALUES(127,'Kristin','','Huza',2,0,0,0,'','',0,0);
INSERT INTO "roster_orchestramember" VALUES(128,'Tracey','','Grasty',2,0,0,0,'','',0,0);
INSERT INTO "roster_orchestramember" VALUES(129,'Amy','','Sexauer',3,0,0,0,'','',0,0);
INSERT INTO "roster_orchestramember" VALUES(130,'Katie','','Kimble',3,0,0,0,'
<p>Katie Kimble is a Columbia native, returning to the area after a brief hiatus to upstate NY to earn her bachelor degree in viola performance and music education from Ithaca College where she studied with Debra Moree. Her orchestral experience includes playing with the Cornell Symphony Orchestra under the direction of Chris Kim, and the Ithaca College Chamber and Symphony Orchestras under the direction of Jeff Meyer.</p>

<p>She currently teaches elementary school strings in Anne Arundel County and lives in Elkridge with her husband, and fellow Columbia Orchestra member, Adam and their dog Angua.  When not teaching or playing music, Katie coaches rock climbing at Earth Treks Climbing Center.</p>','src_imgs/members/Katie_Kimble.JPG',4,0);
CREATE INDEX "auth_permission_1bb8f392" ON "auth_permission" ("content_type_id");
CREATE INDEX "auth_group_permissions_425ae3c4" ON "auth_group_permissions" ("group_id");
CREATE INDEX "auth_group_permissions_1e014c8f" ON "auth_group_permissions" ("permission_id");
CREATE INDEX "auth_user_user_permissions_403f60f" ON "auth_user_user_permissions" ("user_id");
CREATE INDEX "auth_user_user_permissions_1e014c8f" ON "auth_user_user_permissions" ("permission_id");
CREATE INDEX "auth_user_groups_403f60f" ON "auth_user_groups" ("user_id");
CREATE INDEX "auth_user_groups_425ae3c4" ON "auth_user_groups" ("group_id");
CREATE INDEX "auth_message_403f60f" ON "auth_message" ("user_id");
CREATE INDEX "django_admin_log_403f60f" ON "django_admin_log" ("user_id");
CREATE INDEX "django_admin_log_1bb8f392" ON "django_admin_log" ("content_type_id");
CREATE INDEX "django_flatpage_sites_21210108" ON "django_flatpage_sites" ("flatpage_id");
CREATE INDEX "django_flatpage_sites_6223029" ON "django_flatpage_sites" ("site_id");
CREATE INDEX "django_flatpage_a4b49ab" ON "django_flatpage" ("url");
CREATE INDEX "pieces_piece_soloist_2419b34d" ON "pieces_piece_soloist" ("piece_id");
CREATE INDEX "pieces_piece_soloist_2884c7c" ON "pieces_piece_soloist" ("soloist_id");
CREATE INDEX "pieces_piece_129ed196" ON "pieces_piece" ("composer_id");
CREATE INDEX "events_event_pieces_1647d06b" ON "events_event_pieces" ("event_id");
CREATE INDEX "events_event_pieces_2419b34d" ON "events_event_pieces" ("piece_id");
CREATE INDEX "events_event_soloists_1647d06b" ON "events_event_soloists" ("event_id");
CREATE INDEX "events_event_soloists_2884c7c" ON "events_event_soloists" ("soloist_id");
CREATE INDEX "events_event_319d859" ON "events_event" ("location_id");
CREATE INDEX "events_event_23579bcd" ON "events_event" ("season_id");
CREATE INDEX "roster_orchestramember_748c65e3" ON "roster_orchestramember" ("instrument_id");
COMMIT;
