[
  {
    "pk": 2, 
    "model": "events.season", 
    "fields": {
      "startdate": "2010-05-23", 
      "slug": "2010-2011-season", 
      "enddate": "2011-06-05", 
      "name": "2010-2011 Season", 
      "description": ""
    }
  }, 
  {
    "pk": 1, 
    "model": "events.season", 
    "fields": {
      "startdate": "2009-08-01", 
      "slug": "2009-2010_Season", 
      "enddate": "2010-05-22", 
      "name": "2009-2010 Season", 
      "description": ""
    }
  }, 
  {
    "pk": 3, 
    "model": "events.season", 
    "fields": {
      "startdate": "2008-08-01", 
      "slug": "2008-2009_Season", 
      "enddate": "2009-06-07", 
      "name": "2008-2009 Season", 
      "description": ""
    }
  }, 
  {
    "pk": 4, 
    "model": "events.season", 
    "fields": {
      "startdate": "2007-08-01", 
      "slug": "2007-2008-season", 
      "enddate": "2008-06-01", 
      "name": "2007-2008 Season", 
      "description": ""
    }
  }, 
  {
    "pk": 5, 
    "model": "events.season", 
    "fields": {
      "startdate": "2006-08-01", 
      "slug": "2006-2007_Season", 
      "enddate": "2007-06-01", 
      "name": "2006-2007 Season", 
      "description": ""
    }
  }, 
  {
    "pk": 6, 
    "model": "events.season", 
    "fields": {
      "startdate": "2005-08-01", 
      "slug": "2005-2006-season", 
      "enddate": "2006-06-01", 
      "name": "2005-2006 Season", 
      "description": ""
    }
  }, 
  {
    "pk": 7, 
    "model": "events.season", 
    "fields": {
      "startdate": "2004-08-01", 
      "slug": "2004-2005-season", 
      "enddate": "2005-06-01", 
      "name": "2004-2005 Season", 
      "description": ""
    }
  }, 
  {
    "pk": 8, 
    "model": "events.season", 
    "fields": {
      "startdate": "2003-08-01", 
      "slug": "2003-2004-seasion", 
      "enddate": "2004-06-01", 
      "name": "2003-2004 Seasion", 
      "description": ""
    }
  }, 
  {
    "pk": 9, 
    "model": "events.season", 
    "fields": {
      "startdate": "2002-08-01", 
      "slug": "2002-2003-season", 
      "enddate": "2003-08-01", 
      "name": "2002-2003 Season", 
      "description": ""
    }
  }, 
  {
    "pk": 1, 
    "model": "events.location", 
    "fields": {
      "city": "Columbia", 
      "name": "Jim Rouse Theatre", 
      "zip": "21044", 
      "url": "http://maps.google.com/maps?f=q&source=s_q&hl=en&geocode=&q=James+Rouse+Theatre+for+the+Performing+Arts&sll=39.216852,-76.872078&sspn=0.010714,0.008787&ie=UTF8&hq=James+Rouse+Theatre+for+the+Performin", 
      "alt_url": "http://www.rousetheatre.org/", 
      "state": "MD", 
      "address": "5460 Trumpeter Road", 
      "slug": "Rouse_Theater"
    }
  }, 
  {
    "pk": 2, 
    "model": "events.location", 
    "fields": {
      "city": "Columbia", 
      "name": "Christ Episcopal Church", 
      "zip": "21045", 
      "url": "http://maps.google.com/maps?f=q&source=s_q&hl=en&q=Christ+Church,&sll=39.182198,-76.826105&sspn=0.010928,0.008787&ie=UTF8&radius=0.24&split=1&rq=1&ev=zi&hq=Christ+Church,&hnear=&ll=39.182298,-76.82815", 
      "alt_url": "http://christchurchcolumbia.org/", 
      "state": "MD", 
      "address": "6800 Oakland Mills Road", 
      "slug": "christ-episcopal-church"
    }
  }, 
  {
    "pk": 3, 
    "model": "events.location", 
    "fields": {
      "city": "Ellicott City", 
      "name": "Howard County Center for the Arts", 
      "zip": "21043", 
      "url": "http://bit.ly/9oLBX7", 
      "alt_url": "http://www.hocoarts.org/contact_us.php", 
      "state": "MD", 
      "address": "8510 High Ridge Road", 
      "slug": "howard-county-center-arts"
    }
  }, 
  {
    "pk": 4, 
    "model": "events.location", 
    "fields": {
      "city": "Columbia", 
      "name": "St. Johns Baptist Church", 
      "zip": "21045", 
      "url": "http://www.stjohnbaptistchurch.org/", 
      "alt_url": "", 
      "state": "MD", 
      "address": "9055 Tamar Drive", 
      "slug": "st-johns-baptist-church"
    }
  }, 
  {
    "pk": 5, 
    "model": "events.location", 
    "fields": {
      "city": "Clarksville", 
      "name": "The Gathering Place", 
      "zip": "21029", 
      "url": "http://maps.google.com/maps?f=q&source=s_q&hl=en&geocode=&q=6120+Daylong+Lane+21029&sll=37.0625,-95.677068&sspn=34.259599,79.013672&ie=UTF8&hq=&hnear=6120+Daylong+Ln,+Clarksville,+Howard,+Maryland+21029&z=16", 
      "alt_url": "http://www.thegatheringplace.tv/directions.shtml", 
      "state": "Maryland", 
      "address": "6120 Daylong Ln", 
      "slug": "gathering-place"
    }
  }, 
  {
    "pk": 6, 
    "model": "events.location", 
    "fields": {
      "city": "Columbia", 
      "name": "Wilde Lake Interfaith Center", 
      "zip": "21044", 
      "url": "http://maps.google.com/maps?hl=en&ie=UTF8&q=wilde+lake+interfaith+center+columbia+md&fb=1&gl=us&hq=wilde+lake+interfaith+center&hnear=Columbia,+MD&cid=0,0,14232234560388340614&ei=4N3nTInIOoKKlwf_zv2aCQ&oi=local_result&ved=0CBIQnwIwAA&ll=39.220534,-76.871917&spn=0.007597,0.01929&z=16&iwloc=A", 
      "alt_url": "", 
      "state": "Maryland", 
      "address": "10431 Twin Rivers Road", 
      "slug": "wilde-lake-interfaith-center"
    }
  }, 
  {
    "pk": 69, 
    "model": "events.event", 
    "fields": {
      "alt_date": null, 
      "status": 1, 
      "name": "Exotic Landscapes", 
      "season": 9, 
      "image": "", 
      "ticket_link": "", 
      "preconcert_discussion": null, 
      "pieces": [
        129, 
        130, 
        131
      ], 
      "location": 1, 
      "alt_time": null, 
      "date": "2002-10-12 20:00:00", 
      "num_views": 0, 
      "slug": "exotic-landscapes", 
      "soloists": [], 
      "description": "<p/>"
    }
  }, 
  {
    "pk": 70, 
    "model": "events.event", 
    "fields": {
      "alt_date": null, 
      "status": 1, 
      "name": "To The Sea", 
      "season": 9, 
      "image": "", 
      "ticket_link": "", 
      "preconcert_discussion": null, 
      "pieces": [
        132, 
        133, 
        134, 
        135
      ], 
      "location": 1, 
      "alt_time": null, 
      "date": "2002-12-14 20:00:00", 
      "num_views": 0, 
      "slug": "sea", 
      "soloists": [], 
      "description": "<p/>"
    }
  }, 
  {
    "pk": 71, 
    "model": "events.event", 
    "fields": {
      "alt_date": null, 
      "status": 1, 
      "name": "A Heritage of Harmony", 
      "season": 9, 
      "image": "", 
      "ticket_link": "", 
      "preconcert_discussion": null, 
      "pieces": [
        140, 
        136, 
        137, 
        139, 
        138
      ], 
      "location": 1, 
      "alt_time": null, 
      "date": "2003-02-15 20:00:00", 
      "num_views": 0, 
      "slug": "heritage-harmony", 
      "soloists": [
        48, 
        50, 
        51
      ], 
      "description": "<p/>"
    }
  }, 
  {
    "pk": 72, 
    "model": "events.event", 
    "fields": {
      "alt_date": null, 
      "status": 1, 
      "name": "Young People's Concert", 
      "season": 9, 
      "image": "", 
      "ticket_link": "", 
      "preconcert_discussion": null, 
      "pieces": [], 
      "location": 6, 
      "alt_time": null, 
      "date": "2003-03-08 15:00:00", 
      "num_views": 0, 
      "slug": "young-peoples-concert-2003-03-08", 
      "soloists": [], 
      "description": "<p>An introduction to the orchestra for children and their parents in an informal setting. Come early for the instrument petting zoo beginning at 2:00 PM! Free for children under 12.<p/>"
    }
  }, 
  {
    "pk": 73, 
    "model": "events.event", 
    "fields": {
      "alt_date": null, 
      "status": 1, 
      "name": "Russian Memories and American Dreams", 
      "season": 9, 
      "image": "", 
      "ticket_link": "", 
      "preconcert_discussion": null, 
      "pieces": [
        141, 
        142, 
        143
      ], 
      "location": 1, 
      "alt_time": null, 
      "date": "2003-05-10 20:00:00", 
      "num_views": 0, 
      "slug": "russian-memories-and-american-dreams", 
      "soloists": [], 
      "description": "<p/>"
    }
  }, 
  {
    "pk": 74, 
    "model": "events.event", 
    "fields": {
      "alt_date": null, 
      "status": 1, 
      "name": "Bits and Pieces: A Chamber Music Concert", 
      "season": 9, 
      "image": "", 
      "ticket_link": "", 
      "preconcert_discussion": null, 
      "pieces": [
        146, 
        144, 
        147, 
        145
      ], 
      "location": 2, 
      "alt_time": null, 
      "date": "2003-05-31 20:00:00", 
      "num_views": 0, 
      "slug": "bits-and-pieces-chamber-music-concert", 
      "soloists": [], 
      "description": "<p>An evening of works for smaller ensembles, showcasing a variety of members and sections of the orchestra.</p>"
    }
  }, 
  {
    "pk": 75, 
    "model": "events.event", 
    "fields": {
      "alt_date": null, 
      "status": 1, 
      "name": "Symphonic Pops", 
      "season": 9, 
      "image": "", 
      "ticket_link": "", 
      "preconcert_discussion": null, 
      "pieces": [
        148, 
        149, 
        150, 
        151
      ], 
      "location": 1, 
      "alt_time": null, 
      "date": "2003-06-07 20:00:00", 
      "num_views": 0, 
      "slug": "symphonic-pops-2003-06-07", 
      "soloists": [], 
      "description": "<p/>"
    }
  }, 
  {
    "pk": 62, 
    "model": "events.event", 
    "fields": {
      "alt_date": null, 
      "status": 1, 
      "name": "MasterWorks One:  Final Words", 
      "season": 8, 
      "image": "", 
      "ticket_link": "", 
      "preconcert_discussion": null, 
      "pieces": [
        110, 
        111, 
        112
      ], 
      "location": 1, 
      "alt_time": null, 
      "date": "2003-10-18 20:00:00", 
      "num_views": 0, 
      "slug": "masterworks-one-final-words", 
      "soloists": [], 
      "description": "<p/>"
    }
  }, 
  {
    "pk": 63, 
    "model": "events.event", 
    "fields": {
      "alt_date": null, 
      "status": 1, 
      "name": "MasterWorks Two:  The French Connection", 
      "season": 8, 
      "image": "", 
      "ticket_link": "", 
      "preconcert_discussion": null, 
      "pieces": [
        113, 
        10, 
        114, 
        116, 
        115, 
        117
      ], 
      "location": 1, 
      "alt_time": null, 
      "date": "2003-12-13 20:00:00", 
      "num_views": 0, 
      "slug": "masterworks-two-french-connection", 
      "soloists": [], 
      "description": "<p/>"
    }
  }, 
  {
    "pk": 64, 
    "model": "events.event", 
    "fields": {
      "alt_date": null, 
      "status": 1, 
      "name": "Young People's Concert", 
      "season": 8, 
      "image": "", 
      "ticket_link": "", 
      "preconcert_discussion": null, 
      "pieces": [], 
      "location": 6, 
      "alt_time": null, 
      "date": "2004-01-10 15:00:00", 
      "num_views": 0, 
      "slug": "young-peoples-concert-2004-01-10", 
      "soloists": [], 
      "description": "<p>An introduction to the orchestra for children and their parents in an informal setting. This year's program features the Peabody Violin Choir, directed by Rebecca Henry. Come early (2-3) for the Musical Instrument Petting Zoo for a chance to hear, touch and play musical instruments! </p>"
    }
  }, 
  {
    "pk": 65, 
    "model": "events.event", 
    "fields": {
      "alt_date": "2004-02-29 15:00:00", 
      "status": 1, 
      "name": "MasterWorks Three:  Body, Voice and Spirit", 
      "season": 8, 
      "image": "", 
      "ticket_link": "", 
      "preconcert_discussion": null, 
      "pieces": [
        118, 
        119, 
        120
      ], 
      "location": 1, 
      "alt_time": null, 
      "date": "2004-02-28 20:00:00", 
      "num_views": 0, 
      "slug": "masterworks-three-body-voice-and-spirit", 
      "soloists": [], 
      "description": "<p/>"
    }
  }, 
  {
    "pk": 66, 
    "model": "events.event", 
    "fields": {
      "alt_date": null, 
      "status": 1, 
      "name": "MasterWorks Four: Wolfgang, Felix, and Igor", 
      "season": 8, 
      "image": "", 
      "ticket_link": "", 
      "preconcert_discussion": null, 
      "pieces": [
        121, 
        122, 
        123
      ], 
      "location": 1, 
      "alt_time": null, 
      "date": "2004-04-17 20:00:00", 
      "num_views": 0, 
      "slug": "masterworks-four-wolfgang-felix-and-igor", 
      "soloists": [], 
      "description": "<p/>"
    }
  }, 
  {
    "pk": 67, 
    "model": "events.event", 
    "fields": {
      "alt_date": null, 
      "status": 1, 
      "name": "Piano recital by Brian Ganz", 
      "season": 8, 
      "image": "", 
      "ticket_link": "", 
      "preconcert_discussion": null, 
      "pieces": [
        125, 
        126, 
        124
      ], 
      "location": 2, 
      "alt_time": null, 
      "date": "2004-05-15 20:00:00", 
      "num_views": 0, 
      "slug": "piano-recital-brian-ganz", 
      "soloists": [
        31
      ], 
      "description": "<p/>"
    }
  }, 
  {
    "pk": 68, 
    "model": "events.event", 
    "fields": {
      "alt_date": null, 
      "status": 1, 
      "name": "Symphonic Pops", 
      "season": 8, 
      "image": "", 
      "ticket_link": "", 
      "preconcert_discussion": null, 
      "pieces": [
        128, 
        127
      ], 
      "location": 1, 
      "alt_time": null, 
      "date": "2004-06-05 20:00:00", 
      "num_views": 0, 
      "slug": "symphonic-pops-2004-06-05", 
      "soloists": [], 
      "description": "<p>A fun-filled evening for the entire family, including blues, spirituals, and Gospel piano, plus film music from Harry Potter, and much more.</p>"
    }
  }, 
  {
    "pk": 56, 
    "model": "events.event", 
    "fields": {
      "alt_date": null, 
      "status": 1, 
      "name": "Taleful Tunes", 
      "season": 7, 
      "image": "", 
      "ticket_link": "", 
      "preconcert_discussion": null, 
      "pieces": [
        94, 
        96, 
        95
      ], 
      "location": 1, 
      "alt_time": null, 
      "date": "2004-10-23 19:30:00", 
      "num_views": 0, 
      "slug": "taleful-tunes", 
      "soloists": [], 
      "description": "<p/>"
    }
  }, 
  {
    "pk": 57, 
    "model": "events.event", 
    "fields": {
      "alt_date": null, 
      "status": 1, 
      "name": "Young People's Concert", 
      "season": 7, 
      "image": "", 
      "ticket_link": "", 
      "preconcert_discussion": null, 
      "pieces": [], 
      "location": 6, 
      "alt_time": "15:00:00", 
      "date": "2004-11-13 12:30:00", 
      "num_views": 0, 
      "slug": "young-peoples-concert-2004-11-13", 
      "soloists": [], 
      "description": "<p>An introduction to the orchestra for children and their parents in an informal setting. This year's program features Prokofiev\u2019s beloved Peter and the Wolf with live action and more music featuring the Peabody Children\u2019s Chorus, Doreen Falby, Director. Don't miss the 1:30-3:00 Musical Instrument Petting Zoo for a chance to hear, touch and play musical instruments! </p>"
    }
  }, 
  {
    "pk": 58, 
    "model": "events.event", 
    "fields": {
      "alt_date": null, 
      "status": 1, 
      "name": "Around the World", 
      "season": 7, 
      "image": "", 
      "ticket_link": "", 
      "preconcert_discussion": null, 
      "pieces": [
        97, 
        98, 
        99, 
        100, 
        101
      ], 
      "location": 1, 
      "alt_time": null, 
      "date": "2005-01-15 19:30:00", 
      "num_views": 0, 
      "slug": "around-world-2005-01-05", 
      "soloists": [], 
      "description": "</p>"
    }
  }, 
  {
    "pk": 59, 
    "model": "events.event", 
    "fields": {
      "alt_date": null, 
      "status": 1, 
      "name": "MasterWorks Three", 
      "season": 7, 
      "image": "", 
      "ticket_link": "", 
      "preconcert_discussion": null, 
      "pieces": [
        102, 
        103, 
        104, 
        105, 
        106
      ], 
      "location": 1, 
      "alt_time": null, 
      "date": "2005-03-05 19:30:00", 
      "num_views": 0, 
      "slug": "masterworks-three", 
      "soloists": [], 
      "description": "</p>"
    }
  }, 
  {
    "pk": 60, 
    "model": "events.event", 
    "fields": {
      "alt_date": null, 
      "status": 1, 
      "name": "Symphonic Pops:  Broadway, Beatles, and Beyond", 
      "season": 7, 
      "image": "", 
      "ticket_link": "", 
      "preconcert_discussion": null, 
      "pieces": [], 
      "location": 1, 
      "alt_time": null, 
      "date": "2005-04-09 19:30:00", 
      "num_views": 0, 
      "slug": "symphonic-pops-broadway-beatles-and-beyond", 
      "soloists": [], 
      "description": "<p>Featuring music from Phantom of the Opera, Les Miserables, and some of the Fab Four\u2019s greatest hits! (Guest artists to be announced) </p>"
    }
  }, 
  {
    "pk": 61, 
    "model": "events.event", 
    "fields": {
      "alt_date": null, 
      "status": 1, 
      "name": "And the Winner Is...", 
      "season": 7, 
      "image": "", 
      "ticket_link": "", 
      "preconcert_discussion": null, 
      "pieces": [
        107, 
        108, 
        109
      ], 
      "location": 1, 
      "alt_time": null, 
      "date": "2005-06-04 19:30:00", 
      "num_views": 0, 
      "slug": "and-winner", 
      "soloists": [], 
      "description": "<p/>"
    }
  }, 
  {
    "pk": 39, 
    "model": "events.event", 
    "fields": {
      "alt_date": null, 
      "status": 1, 
      "name": "Blockbusters and Discoveries:  The Agony and the Ecstasy", 
      "season": 6, 
      "image": "", 
      "ticket_link": "", 
      "preconcert_discussion": null, 
      "pieces": [
        69, 
        71, 
        70
      ], 
      "location": 1, 
      "alt_time": null, 
      "date": "2005-10-15 19:30:00", 
      "num_views": 0, 
      "slug": "blockbusters-and-discoveries-agony-and-ecstasy", 
      "soloists": [], 
      "description": "<p>Just as Leonardo da Vinci toiled to create some of the world\u2019s greatest art under the demands of religious and political leaders, Ludwig van Beethoven and Jennifer Higdon demonstrate the triumph of the human spirit over tragic obstacles. </p>"
    }
  }, 
  {
    "pk": 40, 
    "model": "events.event", 
    "fields": {
      "alt_date": null, 
      "status": 1, 
      "name": "Explorations: A Tribute to John Denver", 
      "season": 6, 
      "image": "", 
      "ticket_link": "", 
      "preconcert_discussion": null, 
      "pieces": [], 
      "location": 1, 
      "alt_time": null, 
      "date": "2005-10-30 15:30:00", 
      "num_views": 0, 
      "slug": "explorations-tribute-john-denver", 
      "soloists": [], 
      "description": "<p>Members and songwriters of the original John Denver Band remember the music of one of America\u2019s best-loved singers, as they perform Rocky Mountain High, Thank God I\u2019m a Country Boy, and more than a dozen other hits!</p>\r\n\r\n<p>Featuring: Kenn Roberts and Mack Bailey of The Hard Travelers\r\nand friends Chris Nole, Bill Danoff, Mollie Weaver, Jim Salestrom, Jim Horn, and John Sommers.</p>\r\n\r\n<p>This concert is a project of the M.U.S.E. Foundation.</p>\r\n"
    }
  }, 
  {
    "pk": 41, 
    "model": "events.event", 
    "fields": {
      "alt_date": null, 
      "status": 1, 
      "name": "Explorations: Young People's Concert", 
      "season": 6, 
      "image": "", 
      "ticket_link": "", 
      "preconcert_discussion": null, 
      "pieces": [
        72, 
        73
      ], 
      "location": 6, 
      "alt_time": "15:00:00", 
      "date": "2005-12-03 12:30:00", 
      "num_views": 0, 
      "slug": "explorations-young-peoples-concert", 
      "soloists": [], 
      "description": "<p>An introduction to the orchestra and dance for children and their parents in a fun, informal setting. The program will feature students from the Peabody Dance Program, Carol Bartlett, Director.</p>\r\n\r\n<p>Don't miss the 1:30-3:00 Musical Instrument Petting Zoo for a chance to hear, touch and play musical instruments! </p>"
    }
  }, 
  {
    "pk": 42, 
    "model": "events.event", 
    "fields": {
      "alt_date": null, 
      "status": 1, 
      "name": "Blockbusters and Discoveries:  Arabian Nights", 
      "season": 6, 
      "image": "", 
      "ticket_link": "", 
      "preconcert_discussion": null, 
      "pieces": [
        74, 
        75
      ], 
      "location": 1, 
      "alt_time": null, 
      "date": "2006-01-21 19:30:00", 
      "num_views": 0, 
      "slug": "blockbusters-and-discoveries-arabian-nights", 
      "soloists": [], 
      "description": "<p>Though children may dream of Tales of Arabian Nights, Rimsky-Korsakov used these myths and legends to inspire a tone poem of epic proportions. Just as China gave the gift of paper to the world, Tan Dun explores its sonic possibilities in an enthralling new work.</p>"
    }
  }, 
  {
    "pk": 43, 
    "model": "events.event", 
    "fields": {
      "alt_date": null, 
      "status": 1, 
      "name": "Blockbusters and Discoveries: Perfect Storms", 
      "season": 6, 
      "image": "", 
      "ticket_link": "", 
      "preconcert_discussion": null, 
      "pieces": [
        76, 
        77, 
        78, 
        79
      ], 
      "location": 1, 
      "alt_time": null, 
      "date": "2006-03-04 19:30:00", 
      "num_views": 0, 
      "slug": "blockbusters-and-discoveries-perfect-storms", 
      "soloists": [], 
      "description": "<p>Britten\u2019s seafarer Peter Grimes is the quintessential outsider, while the waves of Sibelius\u2019 Symphony lap the shores of a proud nation with both calm waters and perilous seas.</p>\r\n\r\n<p>Featuring the winners of the Columbia Orchestra 2006 Young Artist Competition </p>"
    }
  }, 
  {
    "pk": 44, 
    "model": "events.event", 
    "fields": {
      "alt_date": null, 
      "status": 1, 
      "name": "Explorations:  COMCAST presents \u201cBy George! By Ira! By Gershwin!\u201d ", 
      "season": 6, 
      "image": "", 
      "ticket_link": "", 
      "preconcert_discussion": null, 
      "pieces": [], 
      "location": 1, 
      "alt_time": null, 
      "date": "2006-04-08 19:30:00", 
      "num_views": 0, 
      "slug": "explorations-comcast-presents-george-ira-gershwin", 
      "soloists": [], 
      "description": "<p>Celebrate the genius of George and Ira Gershwin as a dramatic multimedia narrative with spectacular visual images tells the compelling story of their rise to fame. A jazz quintet joins the orchestra for Selections from Porgy and Bess, Rhapsody in Blue, and more!</p>\r\n\r\n<p>Featuring Carolyn Black-Sotir, Arno Drucker, R. Timothy McReynolds, Thomas Williams and Richard McCready</p>"
    }
  }, 
  {
    "pk": 45, 
    "model": "events.event", 
    "fields": {
      "alt_date": null, 
      "status": 1, 
      "name": "Blockbusters and Discoveries:  Clear and Present Danger", 
      "season": 6, 
      "image": "", 
      "ticket_link": "", 
      "preconcert_discussion": null, 
      "pieces": [
        81, 
        80
      ], 
      "location": 1, 
      "alt_time": null, 
      "date": "2006-06-03 19:30:00", 
      "num_views": 0, 
      "slug": "blockbusters-and-discoveries-clear-and-present-dan", 
      "soloists": [], 
      "description": "<p>Aristocracy and democracy. Religion and humanism. Communism and capitalism. Mozart and Shostakovich respond to turmoil around them by creating some of the most revolutionary and moving music ever written.</p>"
    }
  }, 
  {
    "pk": 30, 
    "model": "events.event", 
    "fields": {
      "alt_date": null, 
      "status": 1, 
      "name": "Passion and Destiny", 
      "season": 5, 
      "image": "", 
      "ticket_link": "", 
      "preconcert_discussion": null, 
      "pieces": [
        54, 
        56, 
        55, 
        51, 
        52
      ], 
      "location": 1, 
      "alt_time": null, 
      "date": "2006-10-21 19:30:00", 
      "num_views": 0, 
      "slug": "passion-and-destiny", 
      "soloists": [], 
      "description": "<p>From the Italian passion of Verdi and the Spanish poetry of Rodrigo, from the French sensuality of Ravel and the German transcendence of Wagner, this concert is more than a tour of Europe's greatest landscapes---it's a tour of the human experience.</p>"
    }
  }, 
  {
    "pk": 31, 
    "model": "events.event", 
    "fields": {
      "alt_date": null, 
      "status": 1, 
      "name": "A Tribute to John Denver", 
      "season": 5, 
      "image": "", 
      "ticket_link": "", 
      "preconcert_discussion": null, 
      "pieces": [], 
      "location": 1, 
      "alt_time": null, 
      "date": "2006-10-29 13:30:00", 
      "num_views": 0, 
      "slug": "tribute-john-denver", 
      "soloists": [], 
      "description": "<p>Members and songwriters of the original John Denver Band remember the music of one of America\u2019s best-loved singers, as they perform Rocky Mountain High, Thank God I\u2019m a Country Boy, and more than a dozen other hits!</p>\r\n\r\n<p>Featuring: Kenn Roberts and Mack Bailey of The Hard Travelers\r\nand friends Chris Nole, Bill Danoff, Mollie Weaver, Jim Salestrom, Jim Horn, Pete Huttlinger, Ira Gitlin and John Sommers.</p>\r\n\r\n<p>This concert is a project of the M.U.S.E. Foundation.</p>"
    }
  }, 
  {
    "pk": 32, 
    "model": "events.event", 
    "fields": {
      "alt_date": null, 
      "status": 1, 
      "name": "Secrets of Grace", 
      "season": 5, 
      "image": "", 
      "ticket_link": "", 
      "preconcert_discussion": null, 
      "pieces": [
        57, 
        58, 
        61, 
        59, 
        60
      ], 
      "location": 1, 
      "alt_time": null, 
      "date": "2006-12-09 19:30:00", 
      "num_views": 0, 
      "slug": "secrets-grace", 
      "soloists": [], 
      "description": "<p>Featuring the Central Maryland Chorale, directed by Monica Otal.</p>\r\n\r\n<p>Themes of faith, humanity, and hope are central in the works of two of orchestral music's greatest composers: Wolfgang Amadeus Mozart and John Adams. The Central Maryland Chorale joins the orchestra for music which is both sublime and powerful.</p>\r\n\r\n<p>Includes a special presentation with Jason Love.</p>"
    }
  }, 
  {
    "pk": 33, 
    "model": "events.event", 
    "fields": {
      "alt_date": null, 
      "status": 1, 
      "name": "Young People's Concert", 
      "season": 5, 
      "image": "", 
      "ticket_link": "", 
      "preconcert_discussion": null, 
      "pieces": [
        36
      ], 
      "location": 1, 
      "alt_time": "15:00:00", 
      "date": "2007-01-13 12:30:00", 
      "num_views": 0, 
      "slug": "young-peoples-concert-2007", 
      "soloists": [], 
      "description": "<p>Join us as the Columbia Orchestra presents Prokofiev's beloved Peter and the Wolf and other children's favorites. The concert's new location, at the Jim Rouse Theatre in Wilde Lake High School, is just across the parking lot from the old Wilde Lake Interfaith Center location. Sponsored by TARGET.</p>\r\n\r\n<p>Don't miss the 1:30-3:00 Musical Instrument Petting Zoo for a chance to hear, touch and play musical instruments!\r\nSponsored by THE MUSIC AND ARTS CENTERS.</p>\r\n"
    }
  }, 
  {
    "pk": 34, 
    "model": "events.event", 
    "fields": {
      "alt_date": null, 
      "status": 1, 
      "name": "City and Country", 
      "season": 5, 
      "image": "", 
      "ticket_link": "", 
      "preconcert_discussion": null, 
      "pieces": [
        63, 
        64, 
        62, 
        27
      ], 
      "location": 1, 
      "alt_time": null, 
      "date": "2007-02-24 19:30:00", 
      "num_views": 0, 
      "slug": "city-and-country", 
      "soloists": [], 
      "description": "<p>Beethoven travels to the country to ease his deafness, and Daniel Bernard Roumain explores cultures coming together when he moves to Harlem. Join us as we explore what \"nature\" and \"culture\" mean in our fast-paced 21st century.</p>\r\n\r\n<p>Featuring the winners of the Columbia Orchestra 2007 Young Artist Competition</p>"
    }
  }, 
  {
    "pk": 35, 
    "model": "events.event", 
    "fields": {
      "alt_date": null, 
      "status": 1, 
      "name": "Pops Concert:  Of Stage and Screen", 
      "season": 5, 
      "image": "", 
      "ticket_link": "", 
      "preconcert_discussion": null, 
      "pieces": [], 
      "location": 1, 
      "alt_time": null, 
      "date": "2007-03-24 19:30:00", 
      "num_views": 0, 
      "slug": "pops-concert-stage-and-screen", 
      "soloists": [], 
      "description": "<p>The Columbia Orchestra and guest vocalists perform Broadway and Hollywood's biggest show-stoppers, from Leonard Bernstein's West Side Story and Andrew Lloyd Webber's most memorable hits to Lord of the Rings and a Salute to John Williams.</p>\r\n\r\n<p>Featuring: Amanda Gosier, soprano and Stephen Cramer, tenor.</p>\r\n\r\n"
    }
  }, 
  {
    "pk": 36, 
    "model": "events.event", 
    "fields": {
      "alt_date": null, 
      "status": 1, 
      "name": "Chamber Music Concert", 
      "season": 5, 
      "image": "", 
      "ticket_link": "", 
      "preconcert_discussion": null, 
      "pieces": [], 
      "location": 3, 
      "alt_time": null, 
      "date": "2007-05-04 20:00:00", 
      "num_views": 0, 
      "slug": "chamber-music-concert", 
      "soloists": [], 
      "description": "<p>Music Director Jason Love, concertmaster Brenda Anna and Columbia Orchestra pianist Nancy Smith present a free recital featuring Bartok's Romanian Folk Dances, Debussy's Cello Sonata and Beethoven's Archduke Trio. Join us for an intimate evening of chamber music!</p>"
    }
  }, 
  {
    "pk": 37, 
    "model": "events.event", 
    "fields": {
      "alt_date": null, 
      "status": 1, 
      "name": "A New World", 
      "season": 5, 
      "image": "", 
      "ticket_link": "", 
      "preconcert_discussion": null, 
      "pieces": [
        65, 
        67, 
        68, 
        66
      ], 
      "location": 1, 
      "alt_time": null, 
      "date": "2007-06-02 19:30:00", 
      "num_views": 0, 
      "slug": "new-world", 
      "soloists": [], 
      "description": "<p>Featuring David Heuser, the Columbia Orchestra 2007 American Composer Competition Winner</p>\r\n\r\n<p>Hightlighting America for our season finale, we feature Dvo\u0159\u00e1k and Barber's best known works and the 2007 American Composer Competition Winner. Baltimore Symphony Concertmaster Jonathan Carney rounds out the program with a beautiful, uplifting -- and yes, sometimes jazzy! -- violin concerto by Willian Bolcom.</p>"
    }
  }, 
  {
    "pk": 38, 
    "model": "events.event", 
    "fields": {
      "alt_date": null, 
      "status": 1, 
      "name": "Columbia Festival of the Arts: Mark O'Connor with the Columbia Orchestra", 
      "season": 5, 
      "image": "", 
      "ticket_link": "", 
      "preconcert_discussion": null, 
      "pieces": [], 
      "location": 1, 
      "alt_time": null, 
      "date": "2007-06-10 19:30:00", 
      "num_views": 0, 
      "slug": "columbia-festival-arts-mark-oconnor-columbia-orche", 
      "soloists": [], 
      "description": "<p>Legendary violinist/composer/fiddler Mark O'Connor returns to the Festival joining the Columbia Orchestra for an unforgettable evening.</p>\r\n\r\n\r\n"
    }
  }, 
  {
    "pk": 54, 
    "model": "events.event", 
    "fields": {
      "alt_date": null, 
      "status": 1, 
      "name": "Classical Concert 1:  Tchaikovsky's Fourth", 
      "season": 4, 
      "image": "", 
      "ticket_link": "", 
      "preconcert_discussion": null, 
      "pieces": [
        82, 
        83, 
        84
      ], 
      "location": 1, 
      "alt_time": null, 
      "date": "2007-10-20 19:30:00", 
      "num_views": 0, 
      "slug": "classical-concert-1-tchaikovskys-fourth", 
      "soloists": [], 
      "description": "<p>Our anniversary season starts with this magnificent Bach concerto, the first work ever performed by the orchestra! Tchaikovsky explores the themes of fate and destiny in one of his most enduring symphonies in a program also featuring Maryland horn virtuoso Larry Williams. </p>"
    }
  }, 
  {
    "pk": 53, 
    "model": "events.event", 
    "fields": {
      "alt_date": null, 
      "status": 1, 
      "name": "Chamber Concert", 
      "season": 4, 
      "image": "", 
      "ticket_link": "", 
      "preconcert_discussion": null, 
      "pieces": [], 
      "location": 2, 
      "alt_time": null, 
      "date": "2007-11-02 20:00:00", 
      "num_views": 0, 
      "slug": "chamber-concert-2007-11-02", 
      "soloists": [], 
      "description": "<p>Hear the members of the orchestra up close playing great music in small ensembles. This FREE concert features music by Beethoven, Brahms, Haydn. Mozart, Persichetti, a new work by the orchestra's new principal bassoonist, Monica De Leon. </p>"
    }
  }, 
  {
    "pk": 52, 
    "model": "events.event", 
    "fields": {
      "alt_date": null, 
      "status": 1, 
      "name": "Classical Concert 2:  Ganz Plays Brahms", 
      "season": 4, 
      "image": "", 
      "ticket_link": "", 
      "preconcert_discussion": null, 
      "pieces": [
        86, 
        85
      ], 
      "location": 1, 
      "alt_time": null, 
      "date": "2007-12-01 19:30:00", 
      "num_views": 0, 
      "slug": "classical-concert-2-ganz-plays-brahms", 
      "soloists": [], 
      "description": "<p>World-Renowned Howard County native Brian Ganz returns to the orchestra to perform one of Brahms\u2019s most bold and emotional masterpieces. And Charles Ives explores our musical heritage through everything from sacred hymns to \u201cTurkey in the Straw\u201d in this most American of symphonies. </p>"
    }
  }, 
  {
    "pk": 51, 
    "model": "events.event", 
    "fields": {
      "alt_date": null, 
      "status": 1, 
      "name": "Young People's Concert", 
      "season": 4, 
      "image": "", 
      "ticket_link": "", 
      "preconcert_discussion": null, 
      "pieces": [
        93
      ], 
      "location": 1, 
      "alt_time": "15:00:00", 
      "date": "2008-01-12 12:30:00", 
      "num_views": 0, 
      "slug": "young-peoples-concert-2008", 
      "soloists": [], 
      "description": "<p>For the classical music fan in training! Featuring Benjamin Britten\u2019s Young Person\u2019s Guide to the Orchestra,  the young musicians of the Peabody Violin Choir and your chance to play the instruments of the orchestra at our instrument petting zoo.</p>\r\n\r\n<p>Don't miss the 1:30-3:00 Musical Instrument Petting Zoo for a chance to hear, touch and play musical instruments! </p>"
    }
  }, 
  {
    "pk": 50, 
    "model": "events.event", 
    "fields": {
      "alt_date": null, 
      "status": 1, 
      "name": "Symphonic Pops", 
      "season": 4, 
      "image": "", 
      "ticket_link": "", 
      "preconcert_discussion": null, 
      "pieces": [], 
      "location": 1, 
      "alt_time": null, 
      "date": "2008-02-16 19:30:00", 
      "num_views": 0, 
      "slug": "symphonic-pops-2008", 
      "soloists": [], 
      "description": "<p>A salute to Stephen Sondheim, greatest hits from Rodgers and Hammerstein, highlights from Grieg\u2019s Peer Gynt, and great film music from Pirates of the Caribbean to Psycho. The program will also feature the local premiere of Deus Ex Machina by Maryland composer Mark Lortz. </p>"
    }
  }, 
  {
    "pk": 49, 
    "model": "events.event", 
    "fields": {
      "alt_date": null, 
      "status": 1, 
      "name": "Chamber Concert", 
      "season": 4, 
      "image": "", 
      "ticket_link": "", 
      "preconcert_discussion": null, 
      "pieces": [], 
      "location": 2, 
      "alt_time": null, 
      "date": "2008-03-08 19:30:00", 
      "num_views": 0, 
      "slug": "chamber-concert-2008-03-08", 
      "soloists": [], 
      "description": "<p>Hear the members of the orchestra up close playing great music in small ensembles. And it is FREE. </p>"
    }
  }, 
  {
    "pk": 55, 
    "model": "events.event", 
    "fields": {
      "alt_date": "2008-04-06 15:00:00", 
      "status": 1, 
      "name": "Classical Concert 3:  Embracing the Millions: A Community Arts Project", 
      "season": 4, 
      "image": "", 
      "ticket_link": "", 
      "preconcert_discussion": null, 
      "pieces": [], 
      "location": 1, 
      "alt_time": null, 
      "date": "2008-04-05 19:30:00", 
      "num_views": 0, 
      "slug": "classical-concert-3-embracing-millions-community-a", 
      "soloists": [], 
      "description": "<p>Is Beethoven\u2019s vision of a universal brotherhood possible in the 21st century? Regional performers, artists, and students explore the urgent questions raised by the world\u2019s most famous symphony throughout the season culminating this concert. Visit www.embracingthemillions.org to learn more and participate in the experience. </p>"
    }
  }, 
  {
    "pk": 48, 
    "model": "events.event", 
    "fields": {
      "alt_date": null, 
      "status": 1, 
      "name": "Chamber Concert", 
      "season": 4, 
      "image": "", 
      "ticket_link": "", 
      "preconcert_discussion": null, 
      "pieces": [], 
      "location": 2, 
      "alt_time": null, 
      "date": "2008-05-09 20:00:00", 
      "num_views": 0, 
      "slug": "chamber-concert-2008-05-09", 
      "soloists": [], 
      "description": "<p>Hear the members of the orchestra up close playing great music in small ensembles. And it is FREE. </p>"
    }
  }, 
  {
    "pk": 47, 
    "model": "events.event", 
    "fields": {
      "alt_date": null, 
      "status": 1, 
      "name": "Classical Concert 4:  Pictures at an Exhibition", 
      "season": 4, 
      "image": "", 
      "ticket_link": "", 
      "preconcert_discussion": null, 
      "pieces": [
        90, 
        89, 
        91, 
        92
      ], 
      "location": 1, 
      "alt_time": null, 
      "date": "2008-05-31 19:30:00", 
      "num_views": 0, 
      "slug": "classical-concert-4-pictures-exhibition", 
      "soloists": [], 
      "description": "<p>We commemorate our 30th anniversary season in the Jim Rouse Theatre performing music by his nephew, Christopher Rouse. Howard County\u2019s greatest young talent is on display as we feature the winners of our Young Artist Competition and we finish the year with the masterpiece with which Maestro Love christened his tenure with the orchestra, Pictures at an Exhibition.\r\n</p>\r\n"
    }
  }, 
  {
    "pk": 46, 
    "model": "events.event", 
    "fields": {
      "alt_date": null, 
      "status": 1, 
      "name": "Chamber Concert", 
      "season": 4, 
      "image": "", 
      "ticket_link": "", 
      "preconcert_discussion": null, 
      "pieces": [], 
      "location": 2, 
      "alt_time": null, 
      "date": "2008-06-22 15:00:00", 
      "num_views": 0, 
      "slug": "chamber-concert-2008-06-22", 
      "soloists": [], 
      "description": "<p>Violinist Brenda Anna, pianist Nancy Smith, and cellist Jason Love perform a program including Maurice Ravel's Piano Trio and the Trio No. 2 by Dmitri Shostakovich. And it is FREE. </p>"
    }
  }, 
  {
    "pk": 20, 
    "model": "events.event", 
    "fields": {
      "alt_date": null, 
      "status": 1, 
      "name": "Romeo and Juliet", 
      "season": 3, 
      "image": "", 
      "ticket_link": "", 
      "preconcert_discussion": null, 
      "pieces": [
        34, 
        33, 
        35
      ], 
      "location": 1, 
      "alt_time": null, 
      "date": "2008-10-18 19:30:00", 
      "num_views": 0, 
      "slug": "romeo-and-juliet", 
      "soloists": [], 
      "description": "<p> Darkness meets light in this magical program! Whether it's a Bohemian overture that says life is a bustling carnival, an Argentinean composer probing weighty poems in Spanish, Yiddish, and by Emily Dickinson, or a 20th-Century Russian composer's take on the 17th century's most famous English play, this concert brings together many of the diverse voices that sing together to tell the human story: our overarching goal for this season. </p>\r\n\r\n<p> Featuring: actors from the Chesapeake Shakespeare Company</p>"
    }
  }, 
  {
    "pk": 22, 
    "model": "events.event", 
    "fields": {
      "alt_date": null, 
      "status": 1, 
      "name": "Young People's Concert", 
      "season": 3, 
      "image": "", 
      "ticket_link": "", 
      "preconcert_discussion": null, 
      "pieces": [
        36
      ], 
      "location": 1, 
      "alt_time": "15:00:00", 
      "date": "2008-11-08 12:30:00", 
      "num_views": 0, 
      "slug": "2008-young-peoples-concert", 
      "soloists": [], 
      "description": "<p>One of our most popular events! Join our full orchestra for a dramatic presentation of this classic orchestral story plus other fun music designed to get kids excited about music and the orchestra. Don't miss our musical instrument petting zoo where your child can actually try out many of the instruments from the concert!</p>\r\n\r\n<p>Featuring: Dyana Neal and The Kinetics Dance Theatre. </p>"
    }
  }, 
  {
    "pk": 21, 
    "model": "events.event", 
    "fields": {
      "alt_date": null, 
      "status": 1, 
      "name": "Chamber Concert One", 
      "season": 3, 
      "image": "", 
      "ticket_link": "", 
      "preconcert_discussion": null, 
      "pieces": [], 
      "location": 2, 
      "alt_time": null, 
      "date": "2008-11-22 20:00:00", 
      "num_views": 0, 
      "slug": "2008-chamber-concert-1", 
      "soloists": [], 
      "description": "<p>Join members of the orchestra for an eclectic program of music including Bach's Musical Offering, a Bruch String Quintet, Gounod's Little Symphony for winds and more! And it is FREE. </p>"
    }
  }, 
  {
    "pk": 23, 
    "model": "events.event", 
    "fields": {
      "alt_date": null, 
      "status": 1, 
      "name": "Sibelius' First", 
      "season": 3, 
      "image": "", 
      "ticket_link": "", 
      "preconcert_discussion": null, 
      "pieces": [
        38, 
        39, 
        37
      ], 
      "location": 1, 
      "alt_time": null, 
      "date": "2009-01-10 19:30:00", 
      "num_views": 0, 
      "slug": "sibelius-first", 
      "soloists": [], 
      "description": "<p>Part meditation on <i>America, the Beautiful</i>, orchestras across the country co-commissioned this modern masterpiece from one of America's most respected living composers. Then we feature soloists from your own Columbia Orchestra in one of Haydn's most beautiful works. Finally, we travel to Finland in one of Sibelius's most gripping, romantic works. </p>\r\n\r\n<p>Featuring:\r\n<ul>\r\n     <li>Monica DeLeon, Bassoon</li>\r\n      <li>Brenda Anna, Violin</li>\r\n      <li>Jason Love, Cello</li>\r\n</ul>"
    }
  }, 
  {
    "pk": 24, 
    "model": "events.event", 
    "fields": {
      "alt_date": null, 
      "status": 1, 
      "name": "Symphonic Pops", 
      "season": 3, 
      "image": "", 
      "ticket_link": "", 
      "preconcert_discussion": null, 
      "pieces": [], 
      "location": 1, 
      "alt_time": null, 
      "date": "2009-02-07 19:30:00", 
      "num_views": 0, 
      "slug": "2009_symphonic-pops", 
      "soloists": [], 
      "description": "<p>Variety is the spice of Pops! Broadway's greatest hits, music from films like Ben Hur, Rocky and Doctor Zhivago, the magic of Disney, or Spirituals featuring the McDaniel College Gospel Choir. Your only problem will be picking which great melody to whistle on the way home!</p>\r\n\r\n<p> Featuring: \r\n<ul>\r\n    <li> The McDaniel College Gospel Choir, Eric B. Byrd, Director</li>\r\n    <li>John Dooley, baritone , and Theresa Bickham, soprano</li>\r\n</ul>\r\n</p>"
    }
  }, 
  {
    "pk": 27, 
    "model": "events.event", 
    "fields": {
      "alt_date": null, 
      "status": 1, 
      "name": "Chamber Concert Two: Beethoven, Brahms ... and Benjamin", 
      "season": 3, 
      "image": "", 
      "ticket_link": "", 
      "preconcert_discussion": null, 
      "pieces": [], 
      "location": 2, 
      "alt_time": null, 
      "date": "2009-03-21 19:30:00", 
      "num_views": 0, 
      "slug": "chamber-concert-two-beethoven-brahms-and-benjamin", 
      "soloists": [], 
      "description": "<p>Join Brenda Anna, violin, Jason Love, cello, and Nancy Smith, piano, for a FREE concert of Beethoven's \"Ghost\" trio, Brahms' B Major trio, and Ap\u00e9ritif by Columbia composer Tom Benjamin. </p>"
    }
  }, 
  {
    "pk": 28, 
    "model": "events.event", 
    "fields": {
      "alt_date": null, 
      "status": 1, 
      "name": "Beethoven and Bernstein", 
      "season": 3, 
      "image": "", 
      "ticket_link": "", 
      "preconcert_discussion": null, 
      "pieces": [
        40, 
        41, 
        43, 
        42, 
        44
      ], 
      "location": 1, 
      "alt_time": null, 
      "date": "2009-03-28 19:30:00", 
      "num_views": 0, 
      "slug": "beethoven-and-bernstein", 
      "soloists": [], 
      "description": "<p>Though Beethoven's contemporaries criticized its lack of melody, Wagner acknowledged Beethoven's <i>Seventh</i> as \"the apotheosis of the dance.\" Although Bernstein was warned his show didn't have a single \"hit\" before its premiere, these dance numbers have become among Broadways' most well-known tunes. As a highlight to every season we pair the great voices of the past with our youngest virtuosos, the winners of our 2009 Young Artist competition. </p>\r\n\r\n<p>\r\nFeaturing:\r\n<ul>\r\n    <li>Acadia Kocher, trumpet; Winner of the Young Artist Competition Senior Wind Division</li>\r\n    <li>Evangeline Chandran, violin; Winner of the Young Artist Competition Junior Division</li>\r\n    <li>Shing Ann Yeh, cello; Winner of the Young Artist Competition Senior String Division</li>\r\n</ul>\r\n</p>"
    }
  }, 
  {
    "pk": 25, 
    "model": "events.event", 
    "fields": {
      "alt_date": null, 
      "status": 1, 
      "name": "Chamber Concert Three", 
      "season": 3, 
      "image": "", 
      "ticket_link": "", 
      "preconcert_discussion": null, 
      "pieces": [], 
      "location": 2, 
      "alt_time": null, 
      "date": "2009-05-30 19:30:00", 
      "num_views": 0, 
      "slug": "2009-chamber-concert-two", 
      "soloists": [], 
      "description": "<p>Individual members of Howard County's own orchestra shine in this intimate, small-group setting! Woodwinds, brass, piano, and strings come together for Schumann's four-horn Concert-piece, Mendelssohn's Third String Quartet, a charming trio by Damase, and Stravinsky's masterful neo-Classical Octet. This concert is free and open to the public. (Donations accepted.) </p>"
    }
  }, 
  {
    "pk": 26, 
    "model": "events.event", 
    "fields": {
      "alt_date": null, 
      "status": 1, 
      "name": "From the Past to the Present", 
      "season": 3, 
      "image": "", 
      "ticket_link": "", 
      "preconcert_discussion": null, 
      "pieces": [
        46, 
        45
      ], 
      "location": 1, 
      "alt_time": null, 
      "date": "2009-06-06 19:30:00", 
      "num_views": 0, 
      "slug": "past-present", 
      "soloists": [], 
      "description": "<p>Two great composers explore what it means to be part of a musical tradition. Building on the enthusiasm for our performance of Tan Dun's Paper Concerto, this mixed-media cello concerto bridges the ancient world with our technological era as Chinese folk musicians perform on video along with our live Western orchestra. And was Brahms the most traditional or progressive composer of his age? His last symphony says \"yes\" to both!</p>"
    }
  }, 
  {
    "pk": 4, 
    "model": "events.event", 
    "fields": {
      "alt_date": null, 
      "status": 1, 
      "name": "Jonathan Carney & The Rite of Spring", 
      "season": 1, 
      "image": "", 
      "ticket_link": "", 
      "preconcert_discussion": null, 
      "pieces": [
        16, 
        17, 
        18, 
        16
      ], 
      "location": 1, 
      "alt_time": null, 
      "date": "2009-10-17 19:30:00", 
      "num_views": 0, 
      "slug": "jonathan-carney-rite-spring", 
      "soloists": [], 
      "description": "<p>Over 100 musicians take the stage as the orchestra brings you three of the most inspired pieces of music ever conceived! Beethoven was considered mad by his contemporaries\u2026Tchaikovsky\u2019s Concerto was deemed unplayable\u2026The French police couldn\u2019t stop the riot at Stravinsky\u2019s premiere\u2026But today these incredible works stand among the greatest of the Classical, Romantic, and Twentieth-Century masterpieces.</p>"
    }
  }, 
  {
    "pk": 5, 
    "model": "events.event", 
    "fields": {
      "alt_date": null, 
      "status": 2, 
      "name": "Chamber Concert", 
      "season": 1, 
      "image": "", 
      "ticket_link": "", 
      "preconcert_discussion": null, 
      "pieces": [], 
      "location": 2, 
      "alt_time": null, 
      "date": "2009-11-08 15:00:00", 
      "num_views": 0, 
      "slug": "chamber-concert1", 
      "soloists": [], 
      "description": "<p>Join members of the orchestra for a FREE chamber program including Dvorak's Sextet for Strings, Corelli's Christmas Concerto, Poulenc's Sextet for Piano and Winds and more!</p>"
    }
  }, 
  {
    "pk": 6, 
    "model": "events.event", 
    "fields": {
      "alt_date": null, 
      "status": 1, 
      "name": "A Time and Place", 
      "season": 1, 
      "image": "", 
      "ticket_link": "", 
      "preconcert_discussion": null, 
      "pieces": [
        19, 
        20, 
        21, 
        22
      ], 
      "location": 1, 
      "alt_time": null, 
      "date": "2009-12-12 20:00:00", 
      "num_views": 0, 
      "slug": "time-and-place", 
      "soloists": [], 
      "description": "<p>From the craggy rocks of the Scottish islands in Mendelssohn\u2019s overture to Respighi\u2019s triumphant trumpets of ancient Rome, join us as we explore four exotic musical landscapes. Commemorate the 50th anniversary of Bloch's death with local virtuoso Ronald Mutchnik in an exploration of Chassidic life, and then hear the premiere of Albert Hurwit\u2019s winning work in the orchestra\u2019s fourth American Composer Competition, inspired by his family\u2019s migration during the Jewish Diaspora and the Holocaust. Don\u2019t miss our pre-concert lecture with the composer in attendance!</p>\r\n\r\n<p>Featuring the winner of the American Composer Competition, Albert Hurwit. </p>"
    }
  }, 
  {
    "pk": 7, 
    "model": "events.event", 
    "fields": {
      "alt_date": null, 
      "status": 1, 
      "name": "Young People's Concert", 
      "season": 1, 
      "image": "", 
      "ticket_link": "", 
      "preconcert_discussion": null, 
      "pieces": [], 
      "location": 1, 
      "alt_time": "15:00:00", 
      "date": "2010-01-09 12:30:00", 
      "num_views": 0, 
      "slug": "young-peoples-concert", 
      "soloists": [], 
      "description": "<p>One of our most popular events! Narrated tales including <i>Casey at the Bat</i> teach children about the instruments of the orchestra and more. Choose either the 12:30 or 3:00 concert and try your hand at playing one of the instruments from the concert at our Musical Instrument Petting Zoo, sponsored by our friends at Music & Arts. </p>"
    }
  }, 
  {
    "pk": 10, 
    "model": "events.event", 
    "fields": {
      "alt_date": null, 
      "status": 1, 
      "name": "Symphonic Pops", 
      "season": 1, 
      "image": "", 
      "ticket_link": "", 
      "preconcert_discussion": null, 
      "pieces": [], 
      "location": 1, 
      "alt_time": null, 
      "date": "2010-02-27 19:30:00", 
      "num_views": 0, 
      "slug": "symphonic-pops", 
      "soloists": [], 
      "description": "<p>What do you get when you bring together Broadway shows like Les Miserables and Gypsy, the songs of Simon & Garfunkel, Celtic classics including music from Lord of the Dance, and combine it with great film scores? It\u2019s an evening the whole family will not forget! Featuring Theresa Bickham, soprano, Neil Ewachiw, baritone, and members of the Teelin Irish Dance Company. </p>"
    }
  }, 
  {
    "pk": 8, 
    "model": "events.event", 
    "fields": {
      "alt_date": null, 
      "status": 1, 
      "name": "Short Stories", 
      "season": 1, 
      "image": "", 
      "ticket_link": "", 
      "preconcert_discussion": null, 
      "pieces": [
        23, 
        24, 
        25, 
        26, 
        27, 
        28, 
        29
      ], 
      "location": 1, 
      "alt_time": null, 
      "date": "2010-03-27 19:30:00", 
      "num_views": 0, 
      "slug": "short-stories", 
      "soloists": [], 
      "description": "<p>Definitely one for the whole family! Symphonies may be long like novels, but great music often comes in smaller packages. Each of these Argentinian, Czech, French, and American stories has a flavor all its own. Maryland composer Jonathan Leshnoff is gaining international renown, and his <i>Rush</i> will sweep you off your feet! Plus, performances by the young maestros who win our Young Artist Competition are a highlight to the season.</p>\r\n\r\n<p>This concert sponsored in part by a generous contribution from PNC.</p>"
    }
  }, 
  {
    "pk": 9, 
    "model": "events.event", 
    "fields": {
      "alt_date": null, 
      "status": 2, 
      "name": "Chamber Concert", 
      "season": 1, 
      "image": "", 
      "ticket_link": "", 
      "preconcert_discussion": null, 
      "pieces": [], 
      "location": 2, 
      "alt_time": null, 
      "date": "2010-04-17 19:30:00", 
      "num_views": 0, 
      "slug": "chamber-concert3", 
      "soloists": [], 
      "description": "<p>You'll love hearing members of the orchestra up close and personal in this intimate setting! This concert includes highlights from Mendelssohn's glorious Octet, Dvorak's G Major Quintet, a Mozart String Quartet, and the return of the bassoon quartet! This is a free concert (donations accepted) and a wonderful way to hear our players featured in small ensembles. </p>"
    }
  }, 
  {
    "pk": 3, 
    "model": "events.event", 
    "fields": {
      "alt_date": null, 
      "status": 2, 
      "name": "Chamber Concert", 
      "season": 1, 
      "image": "", 
      "ticket_link": "", 
      "preconcert_discussion": null, 
      "pieces": [], 
      "location": 2, 
      "alt_time": null, 
      "date": "2010-05-08 19:30:00", 
      "num_views": 0, 
      "slug": "chamber-concert", 
      "soloists": [], 
      "description": "<p>Concertmaster Brenda Anna, violin, pianist Nancy Smith, and Music Director Jason Love, cello, bring you three masterworks with a decidedly ethnic flavor! Swiss composer Frank Martin brings a multicultural twist to his <em>Trio on Irish Folk Songs</em> while Zoltan Kodaly explores the traditions of his Hungarian homeland in the virtuosic <em>Duo for Violin and Cello</em>. The program closes in the great Austrian tradition with Schubert's tuneful B-Flat Major Trio. Free admission (donations accepted).</p>"
    }
  }, 
  {
    "pk": 2, 
    "model": "events.event", 
    "fields": {
      "alt_date": null, 
      "status": 1, 
      "name": "The Titans", 
      "season": 1, 
      "image": "src_imgs/events/Hsiu-Hui_Wang.jpg", 
      "ticket_link": "", 
      "preconcert_discussion": 1, 
      "pieces": [
        30, 
        31
      ], 
      "location": 1, 
      "alt_time": null, 
      "date": "2010-05-22 19:30:00", 
      "num_views": 5, 
      "slug": "titans", 
      "soloists": [], 
      "description": "<p>What a way to celebrate Mahler\u2019s 150th! We pull out all the stops in Mahler\u2019s most popular symphony, an emotional crown jewel in the Romantic tradition. But first, Gemini Trio pianist and Howard Community College faculty member Hsiu-Hui Wang captures both the stormy and profound moods of one of Mozart\u2019s most cherished works. </p>"
    }
  }, 
  {
    "pk": 11, 
    "model": "events.event", 
    "fields": {
      "alt_date": null, 
      "status": 1, 
      "name": "Land and Sea", 
      "season": 2, 
      "image": "src_imgs/events/MTC_logo.JPG", 
      "ticket_link": "", 
      "preconcert_discussion": null, 
      "pieces": [
        2, 
        3, 
        4
      ], 
      "location": 1, 
      "alt_time": null, 
      "date": "2010-10-16 19:30:00", 
      "num_views": 22, 
      "slug": "land-and-sea", 
      "soloists": [], 
      "description": "<p>The Columbia Orchestra bursts out in full color with Debussy\u2019s impressionistic masterpiece! Jason Shafer, the Orchestra\u2019s 2003 Young Artist Competition winner now playing in Florida\u2019s New World Symphony, brings his virtuosity to one of Mozart\u2019s last and most beautiful concertos. Begin the journey with a young African-American composer\u2019s jazzy celebration of Detroit\u2019s automotive history and its world-class orchestra. </p>\r\n\r\n<p>Join us at 6:30pm for a \"<a href=\"http://columbiaorchestra.org/preludes/\">Prelude</a>,\" a fun, fascinating pre-concert discussion with Bill Scanlan Murphy brought to you by Baltimore-Washington Financial Advisors.</p>\r\n\r\n<p><a href=\"http://www.bwfa.com/\" target=\"co_link\"><img src=\"/images/logo-bwfa.jpg\" alt=\"Baltimore Washington Financial Advisors\" style=\"\" border=\"0\" height=\"39\" width=\"132\"></a></p>"
    }
  }, 
  {
    "pk": 29, 
    "model": "events.event", 
    "fields": {
      "alt_date": null, 
      "status": 1, 
      "name": "Sounds of Praise", 
      "season": 2, 
      "image": "src_imgs/events/St_Johns.jpg", 
      "ticket_link": "", 
      "preconcert_discussion": null, 
      "pieces": [], 
      "location": 4, 
      "alt_time": null, 
      "date": "2010-11-07 17:00:00", 
      "num_views": 1194, 
      "slug": "sounds-praise", 
      "soloists": [], 
      "description": "<p>The Columbia Orchestra joins the Cathedral Choir of St. Johns Baptist Church and their Director Linda Hall for an evening of glorious singing! The inspiration for the concert comes from Psalm 150: \"Let everything that hath breath, Praise the Lord.\"  Tickets are $10 and are available through St. Johns Baptist Church. For more information contact Carolyn Gayle at 410-992-6977.</p>"
    }
  }, 
  {
    "pk": 17, 
    "model": "events.event", 
    "fields": {
      "alt_date": null, 
      "status": 1, 
      "name": "Chamber Concert One: Spotlight on Strings", 
      "season": 2, 
      "image": "src_imgs/events/Str_Qtet_1.jpg", 
      "ticket_link": "", 
      "preconcert_discussion": null, 
      "pieces": [], 
      "location": 2, 
      "alt_time": null, 
      "date": "2010-11-20 19:30:00", 
      "num_views": 837, 
      "slug": "chamber-concert-one", 
      "soloists": [], 
      "description": "<p>This intimate but thrilling concert showcases remarkable music for some of our violins, violas, and cellos. You'll hear orchestra members up close in a string sampler including music from Mozart's G Minor String Quintet, Dvorak's American Quartet, and Kodaly's Solo Cello Sonata. It's a FREE concert in a lovely setting.</p>\r\n\r\n<p><em>This concert will last approximately one hour with no intermission. Free admission; donations accepted.</em></p>"
    }
  }, 
  {
    "pk": 12, 
    "model": "events.event", 
    "fields": {
      "alt_date": null, 
      "status": 1, 
      "name": "Earth and Sky", 
      "season": 2, 
      "image": "", 
      "ticket_link": "", 
      "preconcert_discussion": null, 
      "pieces": [
        5, 
        6, 
        7
      ], 
      "location": 1, 
      "alt_time": null, 
      "date": "2010-12-04 19:30:00", 
      "num_views": 0, 
      "slug": "earth-and-sky", 
      "soloists": [], 
      "description": "<p>Over a hundred musicians take the stage for Holst\u2019s unforgettable depictions not just of the planets themselves, but the human emotions and passions represented by the gods for which they are named. First, Baltimore Symphony violinist Qing Li joins the orchestra for a ravishing, romantic score based on an ancient Chinese legend, and our marvelous brass and percussion sections shine in Joan Tower\u2019s fanfare. </p>\r\n\r\n<p>Join us at 6:30pm for a \"<a href=\"http://columbiaorchestra.org/preludes/\">Prelude</a>,\" a fun, fascinating pre-concert discussion with Bill Scanlan Murphy brought to you by Baltimore-Washington Financial Advisors.</p>\r\n\r\n<p><a href=\"http://www.bwfa.com/\" target=\"co_link\"><img src=\"/images/logo-bwfa.jpg\" alt=\"Baltimore Washington Financial Advisors\" style=\"\" border=\"0\" height=\"39\" width=\"132\"></a></p>"
    }
  }, 
  {
    "pk": 14, 
    "model": "events.event", 
    "fields": {
      "alt_date": null, 
      "status": 1, 
      "name": "Peter and the Wolf ... and Friends", 
      "season": 2, 
      "image": "", 
      "ticket_link": "", 
      "preconcert_discussion": null, 
      "pieces": [], 
      "location": 1, 
      "alt_time": "15:00:00", 
      "date": "2011-01-08 12:30:00", 
      "num_views": 0, 
      "slug": "peter-and-wolf-and-friends", 
      "soloists": [
        15
      ], 
      "description": "<p>Not only is this a great introduction to the instruments of orchestra for younger students, older kids will enjoy learning more in a fun environment about how music is put together. The orchestra is joined by the marvelous performers of Kinetics Dance Theatre for Prokofiev\u2019s immortal Peter and the Wolf, and kids will love a chance to try out many musical instruments at our Petting Zoo sponsored by Music & Arts held between our two concerts.</p>"
    }
  }, 
  {
    "pk": 15, 
    "model": "events.event", 
    "fields": {
      "alt_date": null, 
      "status": 1, 
      "name": "Symphonic Pops", 
      "season": 2, 
      "image": "", 
      "ticket_link": "", 
      "preconcert_discussion": null, 
      "pieces": [], 
      "location": 1, 
      "alt_time": null, 
      "date": "2011-02-12 19:30:00", 
      "num_views": 0, 
      "slug": "symphonic-pops-2011", 
      "soloists": [
        9, 
        10, 
        11
      ], 
      "description": "<p>Broadway\u2019s greatest hits, blockbusters from the silver screen, and a \u201cSalute to Sammy\u201d with local song-stylist Stan Gilmer highlight one of our most popular, family-friendly events.</p>"
    }
  }, 
  {
    "pk": 13, 
    "model": "events.event", 
    "fields": {
      "alt_date": null, 
      "status": 1, 
      "name": "Young and Eclectic", 
      "season": 2, 
      "image": "", 
      "ticket_link": "", 
      "preconcert_discussion": null, 
      "pieces": [
        8, 
        9, 
        10, 
        11, 
        32
      ], 
      "location": 1, 
      "alt_time": null, 
      "date": "2011-03-26 19:30:00", 
      "num_views": 0, 
      "slug": "young-and-eclectic", 
      "soloists": [], 
      "description": "<p>A thrilling concert for the classical connoisseur, musical novices, and kids of all ages. We\u2019re bringing together several works that don\u2019t have to be long to be inspirational! And the jaw-dropping talent of the virtuosos who win our competition will help us complete this exotic journey around the globe. </p>\r\n\r\n<p>Concert sponsored by PNC.</p>\r\n<p><a href=\"https://www.pnc.com/\"><img src=\"http://columbiaorchestra.org/images/logo-PNC.gif\" height=\"25\" width=\"83\"/></a></p>\r\n\r\n<p>Young Artists competition sponsored by Gaile's Violin Shop, Inc.</p>\r\n<p><a href=\"http://www.gailesviolin.com/\"><img src=\"/images/logo-Gailes-small.jpg\"  height=\"25\" width=\"74\" border=\"0\"></a>"
    }
  }, 
  {
    "pk": 18, 
    "model": "events.event", 
    "fields": {
      "alt_date": null, 
      "status": 1, 
      "name": "Chamber Concert Two", 
      "season": 2, 
      "image": "", 
      "ticket_link": "", 
      "preconcert_discussion": null, 
      "pieces": [], 
      "location": 2, 
      "alt_time": null, 
      "date": "2011-04-02 19:30:00", 
      "num_views": 0, 
      "slug": "chamber-concert-two", 
      "soloists": [], 
      "description": "<p>Composers often share their most intimate thoughts through chamber music, and this FREE three-concert series is a wonderful way to hear orchestra members up close. Hear a mixture of strings, woodwinds, and brass in the lovely setting of Christ Episcopal Church.</p>"
    }
  }, 
  {
    "pk": 19, 
    "model": "events.event", 
    "fields": {
      "alt_date": null, 
      "status": 1, 
      "name": "Chamber Concert Three", 
      "season": 2, 
      "image": "src_imgs/events/trio2.jpg", 
      "ticket_link": "", 
      "preconcert_discussion": null, 
      "pieces": [
        49, 
        47, 
        50
      ], 
      "location": 2, 
      "alt_time": null, 
      "date": "2011-05-21 19:30:00", 
      "num_views": 0, 
      "slug": "chamber-concert-three", 
      "soloists": [
        20
      ], 
      "description": "<p>You may think \"moody\" or \"stormy\" when you hear the word \"Beethoven,\" but this wonderful trio shows Ludwig's playful side and features the kind of gorgeous melodies you'd expect from the master. Ranjbaran's work celebrates the vitality and poetry of the ancient city in his native Iran for which both the piece and the famous wine grapes are named. Finally, orchestra members Paul Li, violin, and Robin Strempek, viola, join the <a href=\"/artists/columbia-orchestra-piano-trio/\"> Columbia Orchestra Piano Trio</a> \u2013 Concertmaster <a href=\"/members/brenda_anna/\"> Brenda Anna,</a> violin, Music Director <a href=\"/members/jason_love/\">Jason Love,</a> cello, and orchestra pianist <a href=\"/members/nancy_smith/\">Nancy Smith</a> \u2013 for one of the great chamber works of all time, Schumann's Piano Quintet.</p>\r\n\r\n<p><em>This performance will last approximately one-and-a-half hours with one 15-minute intermission. Free admission; donations accepted.</em></p>"
    }
  }, 
  {
    "pk": 16, 
    "model": "events.event", 
    "fields": {
      "alt_date": null, 
      "status": 1, 
      "name": "Creation and Destruction", 
      "season": 2, 
      "image": "", 
      "ticket_link": "", 
      "preconcert_discussion": null, 
      "pieces": [
        12, 
        14, 
        15
      ], 
      "location": 1, 
      "alt_time": null, 
      "date": "2011-06-04 19:30:00", 
      "num_views": 0, 
      "slug": "creation-and-destruction", 
      "soloists": [
        5, 
        13, 
        14
      ], 
      "description": "<p>Our season finale takes an ecstatic look at the heights and depths of the human spirit. The Masterworks Chorale of Carroll County joins us for Haydn\u2019s exploration of the numinous in highlights from his celebrated oratorio. First, great artists of our time explore how humankind balances its creative impulse against its destructive tendencies. </p>"
    }
  }, 
  {
    "pk": 1, 
    "model": "events.preconcertdiscussion", 
    "fields": {
      "youtube_embed_code": "", 
      "talk_location": "Mini Theatre off the Rouse Theatre main lobby", 
      "speaker": "Bill Scanlan Murphy", 
      "sponsor": "BWFA", 
      "time": "18:30:00"
    }
  }
]
